timestamp,Setpoint,Water inlet Temp,Water outlet Temp,Ambient Temp,Coil Temp,Coil Temp,Suction Temp,Suction Temp,Exhaust Air temp,Exhaust Air temp,Antifreeze temp,Antifreeze temp,Low pressure,Low pressure,Evap temp,Superheat,Evap temp,Superheat
418304,550.0,503.0,557.0,267.0,161.0,160.0,171.0,177.0,712.0,707.0,560.0,552.0,60.0,60.0,139.0,30.0,137.0,37.0
1042344,550.0,503.0,557.0,267.0,161.0,160.0,171.0,177.0,712.0,707.0,560.0,552.0,60.0,60.0,139.0,30.0,137.0,37.0
1444408,550.0,503.0,557.0,267.0,161.0,160.0,171.0,177.0,712.0,707.0,560.0,552.0,60.0,60.0,139.0,30.0,137.0,37.0
2044916,550.0,503.0,557.0,267.0,161.0,160.0,171.0,177.0,712.0,707.0,560.0,552.0,60.0,60.0,139.0,30.0,137.0,37.0
2447584,550.0,503.0,557.0,267.0,161.0,160.0,171.0,177.0,712.0,707.0,560.0,552.0,60.0,60.0,139.0,30.0,137.0,37.0
4306256,550.0,503.0,557.0,267.0,161.0,160.0,171.0,177.0,712.0,707.0,560.0,552.0,60.0,60.0,139.0,30.0,137.0,37.0
4807852,550.0,502.9,557.0,267.0,161.0,160.0,171.0,177.0,711.9,707.0,560.0,552.0,60.0,60.0,139.0,30.0,137.0,37.0
4932672,550.0,502.8,557.0,267.0,161.0,160.0,171.0,177.0,711.8,707.0,560.0,552.0,60.0,60.0,139.0,30.0,137.0,37.0
5036032,550.0,502.7,557.0,267.0,161.0,160.0,171.0,177.0,711.7,707.0,560.0,552.0,60.0,60.0,139.0,30.0,137.0,37.0
5444688,550.0,502.6,557.0,267.0,161.0,160.0,171.0,177.0,711.6,707.0,560.0,552.0,60.0,60.0,139.0,30.0,137.0,37.0
5935864,550.0,502.5,557.0,267.0,161.0,160.0,171.0,177.0,711.5,707.0,560.0,552.0,60.0,60.0,139.0,30.0,137.0,37.0
6559644,550.0,502.4,557.0,267.0,161.0,160.0,171.0,177.0,711.4,707.0,560.0,552.0,60.0,60.0,139.0,30.0,137.0,37.0
6961944,550.0,502.3,557.0,267.0,161.0,160.0,171.0,177.0,711.3,707.0,560.0,552.0,60.0,60.0,139.0,30.0,137.0,37.0
7562608,550.0,502.2,557.0,267.0,161.0,160.0,171.0,177.0,711.2,707.0,560.0,552.0,60.0,60.0,139.0,30.0,137.0,37.0
7965140,550.0,502.1,557.0,267.0,161.0,160.0,171.0,177.0,711.1,707.0,560.0,552.0,60.0,60.0,139.0,30.0,137.0,37.0
9823816,550.0,502.0,557.0,267.0,161.0,160.0,171.0,177.0,711.0,707.0,560.0,552.0,60.0,60.0,139.0,30.0,137.0,37.0
10325388,550.0,502.0,557.0,267.0,161.0,160.0,171.1,177.0,711.0,706.9,560.0,552.0,60.0,60.0,139.0,30.0,137.0,37.0
10450228,550.0,502.0,557.0,267.0,161.0,160.0,171.2,177.0,711.0,706.8,560.0,552.0,60.0,60.0,139.0,30.0,136.9,37.0
10553384,550.0,502.0,557.0,267.0,161.0,160.0,171.3,177.0,711.0,706.7,560.0,552.0,60.0,60.0,139.0,30.0,136.8,37.0
10962200,550.0,502.0,557.0,267.0,161.0,160.0,171.4,177.0,711.0,706.6,560.0,552.0,60.0,60.0,139.0,30.0,136.7,37.0
11453400,550.0,502.0,557.0,267.0,161.0,160.0,171.5,177.0,711.0,706.5,560.0,552.0,60.0,60.0,139.0,30.0,136.6,37.0
12076996,550.0,502.0,557.0,267.0,161.0,160.0,171.6,177.0,711.0,706.4,560.0,552.0,60.0,60.0,139.0,30.0,136.5,37.0
12479480,550.0,502.0,557.0,267.0,161.0,160.0,171.7,177.0,711.0,706.3,560.0,552.0,60.0,60.0,139.0,30.0,136.4,37.0
13080248,550.0,502.0,557.0,267.0,161.0,160.0,171.8,177.0,711.0,706.2,560.0,552.0,60.0,60.0,139.0,30.0,136.3,37.0
13482676,550.0,502.0,557.0,267.0,161.0,160.0,171.9,177.0,711.0,706.1,560.0,552.0,60.0,60.0,139.0,30.0,136.2,37.0
15341324,550.0,502.0,557.0,267.0,161.0,160.0,172.0,177.0,711.0,706.0,560.0,552.0,60.0,60.0,139.0,30.0,136.1,37.0
15842948,550.0,502.0,557.0,267.0,161.0,159.9,172.0,177.0,710.9,706.0,559.9,551.9,60.0,59.9,139.0,30.0,136.0,37.0
15967736,550.0,502.0,557.0,267.0,161.0,159.8,172.0,177.0,710.8,706.0,559.8,551.8,60.0,59.8,138.7,30.0,135.9,37.0
16070736,550.0,502.0,557.0,267.0,161.0,159.7,172.0,177.0,710.7,706.0,559.7,551.7,60.0,59.7,138.4,30.0,135.8,37.0
16469336,550.0,502.0,557.0,267.0,161.0,159.6,172.0,177.0,710.6,706.0,559.6,551.6,60.0,59.6,138.1,30.0,135.7,37.0
17093144,550.0,502.0,557.0,267.0,161.0,159.5,172.0,177.0,710.5,706.0,559.5,551.5,60.0,59.5,137.8,30.0,135.6,37.0
17495420,550.0,502.0,557.0,267.0,161.0,159.4,172.0,177.0,710.4,706.0,559.4,551.4,60.0,59.4,137.5,30.0,135.5,37.0
18096368,550.0,502.0,557.0,267.0,161.0,159.3,172.0,177.0,710.3,706.0,559.3,551.3,60.0,59.3,137.2,30.0,135.4,37.0
18498612,550.0,502.0,557.0,267.0,161.0,159.2,172.0,177.0,710.2,706.0,559.2,551.2,60.0,59.2,136.9,30.0,135.3,37.0
19129508,550.0,502.0,557.0,267.0,161.0,159.1,172.0,177.0,710.1,706.0,559.1,551.1,60.0,59.1,136.6,30.0,135.2,37.0
20357136,550.0,502.0,557.0,267.0,161.0,159.0,172.0,177.0,710.0,706.0,559.0,551.0,60.0,59.0,136.3,30.0,135.1,37.0
20858652,550.0,502.0,556.9,267.0,161.0,159.0,172.1,177.1,710.0,706.0,559.0,551.0,59.9,59.0,136.0,30.0,135.0,37.0
20983440,550.0,502.0,556.8,267.0,161.0,159.0,172.2,177.2,710.0,706.0,559.0,551.0,59.8,59.0,135.9,30.3,134.9,37.0
21086776,550.0,502.0,556.7,267.0,161.0,159.0,172.3,177.3,710.0,706.0,559.0,551.0,59.7,59.0,135.8,30.6,134.8,37.0
21495360,550.0,502.0,556.6,267.0,161.0,159.0,172.4,177.4,710.0,706.0,559.0,551.0,59.6,59.0,135.7,30.9,134.7,37.0
21986480,550.0,502.0,556.5,267.0,161.0,159.0,172.5,177.5,710.0,706.0,559.0,551.0,59.5,59.0,135.6,31.2,134.6,37.0
22609972,550.0,502.0,556.4,267.0,161.0,159.0,172.6,177.6,710.0,706.0,559.0,551.0,59.4,59.0,135.5,31.5,134.5,37.0
23012404,550.0,502.0,556.3,267.0,161.0,159.0,172.7,177.7,710.0,706.0,559.0,551.0,59.3,59.0,135.4,31.8,134.4,37.0
23613380,550.0,502.0,556.2,267.0,161.0,159.0,172.8,177.8,710.0,706.0,559.0,551.0,59.2,59.0,135.3,32.1,134.3,37.0
24015420,550.0,502.0,556.1,267.0,161.0,159.0,172.9,177.9,710.0,706.0,559.0,551.0,59.1,59.0,135.2,32.4,134.2,37.0
25873808,550.0,502.0,556.0,267.0,161.0,159.0,173.0,178.0,710.0,706.0,559.0,551.0,59.0,59.0,135.1,32.7,134.1,37.0
26375304,550.0,502.0,556.0,267.0,160.77777777777777,159.0,173.11111111111111,178.0,709.8888888888889,705.8888888888889,559.0,551.0,59.0,59.0,135.0,33.0,134.0,37.0
26500120,550.0,502.0,556.0,267.0,160.55555555555554,159.0,173.22222222222223,178.0,709.7777777777778,705.7777777777778,559.0,551.0,59.0,59.0,134.88888888888889,33.0,134.0,37.0
26603244,550.0,502.0,556.0,267.0,160.33333333333334,159.0,173.33333333333334,178.0,709.6666666666666,705.6666666666666,559.0,551.0,59.0,59.0,134.77777777777777,33.0,134.0,37.0
27001636,550.0,502.0,556.0,267.0,160.11111111111111,159.0,173.44444444444446,178.0,709.5555555555555,705.5555555555555,559.0,551.0,59.0,59.0,134.66666666666666,33.0,134.0,37.0
27625312,550.0,502.0,556.0,267.0,159.88888888888889,159.0,173.55555555555554,178.0,709.4444444444445,705.4444444444445,559.0,551.0,59.0,59.0,134.55555555555554,33.0,134.0,37.0
28027536,550.0,502.0,556.0,267.0,159.66666666666666,159.0,173.66666666666666,178.0,709.3333333333334,705.3333333333334,559.0,551.0,59.0,59.0,134.44444444444446,33.0,134.0,37.0
28627624,550.0,502.0,556.0,267.0,159.44444444444446,159.0,173.77777777777777,178.0,709.2222222222222,705.2222222222222,559.0,551.0,59.0,59.0,134.33333333333334,33.0,134.0,37.0
29030552,550.0,502.0,556.0,267.0,159.22222222222223,159.0,173.88888888888889,178.0,709.1111111111111,705.1111111111111,559.0,551.0,59.0,59.0,134.22222222222223,33.0,134.0,37.0
30888912,550.0,502.0,556.0,267.0,159.0,159.0,174.0,178.0,709.0,705.0,559.0,551.0,59.0,59.0,134.11111111111111,33.0,134.0,37.0
31390404,550.0,501.9166666666667,556.0,266.9166666666667,158.91666666666666,158.91666666666666,174.0,178.0,708.9166666666666,705.0,558.9166666666666,550.9166666666666,59.0,59.0,134.0,33.0,134.0,37.0
31515220,550.0,501.8333333333333,556.0,266.8333333333333,158.83333333333334,158.83333333333334,174.0,178.0,708.8333333333334,705.0,558.8333333333334,550.8333333333334,59.0,59.0,134.0,33.0,133.91666666666666,37.0
31618296,550.0,501.75,556.0,266.75,158.75,158.75,174.0,178.0,708.75,705.0,558.75,550.75,59.0,59.0,134.0,33.0,133.83333333333334,37.0
32016712,550.0,501.6666666666667,556.0,266.6666666666667,158.66666666666666,158.66666666666666,174.0,178.0,708.6666666666666,705.0,558.6666666666666,550.6666666666666,59.0,59.0,134.0,33.0,133.75,37.0
32640596,550.0,501.5833333333333,556.0,266.5833333333333,158.58333333333334,158.58333333333334,174.0,178.0,708.5833333333334,705.0,558.5833333333334,550.5833333333334,59.0,59.0,134.0,33.0,133.66666666666666,37.0
33042636,550.0,501.5,556.0,266.5,158.5,158.5,174.0,178.0,708.5,705.0,558.5,550.5,59.0,59.0,134.0,33.0,133.58333333333334,37.0
33642908,550.0,501.4166666666667,556.0,266.4166666666667,158.41666666666666,158.41666666666666,174.0,178.0,708.4166666666666,705.0,558.4166666666666,550.4166666666666,59.0,59.0,134.0,33.0,133.5,37.0
34045624,550.0,501.3333333333333,556.0,266.3333333333333,158.33333333333334,158.33333333333334,174.0,178.0,708.3333333333334,705.0,558.3333333333334,550.3333333333334,59.0,59.0,134.0,33.0,133.41666666666666,37.0
38559024,550.0,501.25,556.0,266.25,158.25,158.25,174.0,178.0,708.25,705.0,558.25,550.25,59.0,59.0,134.0,33.0,133.33333333333334,37.0
39159428,550.0,501.1666666666667,556.0,266.1666666666667,158.16666666666666,158.16666666666666,174.0,178.0,708.1666666666666,705.0,558.1666666666666,550.1666666666666,59.0,59.0,134.0,33.0,133.25,37.0
39562016,550.0,501.0833333333333,556.0,266.0833333333333,158.08333333333334,158.08333333333334,174.0,178.0,708.0833333333334,705.0,558.0833333333334,550.0833333333334,59.0,59.0,134.0,33.0,133.16666666666666,37.0
41420268,550.0,501.0,556.0,266.0,158.0,158.0,174.0,178.0,708.0,705.0,558.0,550.0,59.0,59.0,134.0,33.0,133.08333333333334,37.0
41921792,550.0,501.0,556.0,266.0,158.0,158.0,173.88888888888889,178.0,708.0,704.8888888888889,558.0,550.0,59.0,59.0,134.0,33.0,133.0,37.0
42046580,550.0,501.0,556.0,266.0,158.0,158.0,173.77777777777777,178.0,708.0,704.7777777777778,558.0,550.0,59.0,59.0,134.11111111111111,33.0,133.11111111111111,37.0
42149812,550.0,501.0,556.0,266.0,158.0,158.0,173.66666666666666,178.0,708.0,704.6666666666666,558.0,550.0,59.0,59.0,134.22222222222223,33.0,133.22222222222223,37.0
42548072,550.0,501.0,556.0,266.0,158.0,158.0,173.55555555555554,178.0,708.0,704.5555555555555,558.0,550.0,59.0,59.0,134.33333333333334,33.0,133.33333333333334,37.0
43171932,550.0,501.0,556.0,266.0,158.0,158.0,173.44444444444446,178.0,708.0,704.4444444444445,558.0,550.0,59.0,59.0,134.44444444444446,33.0,133.44444444444446,37.0
43573948,550.0,501.0,556.0,266.0,158.0,158.0,173.33333333333334,178.0,708.0,704.3333333333334,558.0,550.0,59.0,59.0,134.55555555555554,33.0,133.55555555555554,37.0
44174688,550.0,501.0,556.0,266.0,158.0,158.0,173.22222222222223,178.0,708.0,704.2222222222222,558.0,550.0,59.0,59.0,134.66666666666666,33.0,133.66666666666666,37.0
44576960,550.0,501.0,556.0,266.0,158.0,158.0,173.11111111111111,178.0,708.0,704.1111111111111,558.0,550.0,59.0,59.0,134.77777777777777,33.0,133.77777777777777,37.0
46435244,550.0,501.0,556.0,266.0,158.0,158.0,173.0,178.0,708.0,704.0,558.0,550.0,59.0,59.0,134.88888888888889,33.0,133.88888888888889,37.0
46936736,550.0,501.0,555.8888888888889,266.0,158.0,158.0,172.88888888888889,177.88888888888889,707.8888888888889,704.0,558.0,550.0,59.111111111111114,59.0,135.0,33.0,134.0,37.0
47061552,550.0,501.0,555.7777777777778,266.0,158.0,158.0,172.77777777777777,177.77777777777777,707.7777777777778,704.0,558.0,550.0,59.22222222222222,59.0,135.44444444444446,33.0,134.22222222222223,37.0
47164496,550.0,501.0,555.6666666666666,266.0,158.0,158.0,172.66666666666666,177.66666666666666,707.6666666666666,704.0,558.0,550.0,59.333333333333336,59.0,135.88888888888889,33.0,134.44444444444446,37.0
47563044,550.0,501.0,555.5555555555555,266.0,158.0,158.0,172.55555555555554,177.55555555555554,707.5555555555555,704.0,558.0,550.0,59.44444444444444,59.0,136.33333333333334,33.0,134.66666666666666,37.0
48187060,550.0,501.0,555.4444444444445,266.0,158.0,158.0,172.44444444444446,177.44444444444446,707.4444444444445,704.0,558.0,550.0,59.55555555555556,59.0,136.77777777777777,33.0,134.88888888888889,37.0
48588928,550.0,501.0,555.3333333333334,266.0,158.0,158.0,172.33333333333334,177.33333333333334,707.3333333333334,704.0,558.0,550.0,59.666666666666664,59.0,137.22222222222223,33.0,135.11111111111111,37.0
49189684,550.0,501.0,555.2222222222222,266.0,158.0,158.0,172.22222222222223,177.22222222222223,707.2222222222222,704.0,558.0,550.0,59.77777777777778,59.0,137.66666666666666,33.0,135.33333333333334,37.0
49591932,550.0,501.0,555.1111111111111,266.0,158.0,158.0,172.11111111111111,177.11111111111111,707.1111111111111,704.0,558.0,550.0,59.888888888888886,59.0,138.11111111111111,33.0,135.55555555555554,37.0
51450240,550.0,501.0,555.0,266.0,158.0,158.0,172.0,177.0,707.0,704.0,558.0,550.0,60.0,59.0,138.55555555555554,33.0,135.77777777777777,37.0
51951760,550.0,501.0,555.0,266.0,158.0,158.0,171.88888888888889,177.0,707.0,704.0,558.0,550.0,60.0,59.111111111111114,139.0,33.0,136.0,37.0
52076548,550.0,501.0,555.0,266.0,158.0,158.0,171.77777777777777,177.0,707.0,704.0,558.0,550.0,60.0,59.22222222222222,139.11111111111111,33.333333333333336,136.22222222222223,37.0
52179860,550.0,501.0,555.0,266.0,158.0,158.0,171.66666666666666,177.0,707.0,704.0,558.0,550.0,60.0,59.333333333333336,139.22222222222223,33.666666666666664,136.44444444444446,37.0
52578044,550.0,501.0,555.0,266.0,158.0,158.0,171.55555555555554,177.0,707.0,704.0,558.0,550.0,60.0,59.44444444444444,139.33333333333334,34.0,136.66666666666666,37.0
53201248,550.0,501.0,555.0,266.0,158.0,158.0,171.44444444444446,177.0,707.0,704.0,558.0,550.0,60.0,59.55555555555556,139.44444444444446,34.333333333333336,136.88888888888889,37.0
53603944,550.0,501.0,555.0,266.0,158.0,158.0,171.33333333333334,177.0,707.0,704.0,558.0,550.0,60.0,59.666666666666664,139.55555555555554,34.666666666666664,137.11111111111111,37.0
54204892,550.0,501.0,555.0,266.0,158.0,158.0,171.22222222222223,177.0,707.0,704.0,558.0,550.0,60.0,59.77777777777778,139.66666666666666,35.0,137.33333333333334,37.0
54606960,550.0,501.0,555.0,266.0,158.0,158.0,171.11111111111111,177.0,707.0,704.0,558.0,550.0,60.0,59.888888888888886,139.77777777777777,35.333333333333336,137.55555555555554,37.0
56465264,550.0,501.0,555.0,266.0,158.0,158.0,171.0,177.0,707.0,704.0,558.0,550.0,60.0,60.0,139.88888888888889,35.666666666666664,137.77777777777777,37.0
56966788,550.0,500.8888888888889,555.1111111111111,266.0,158.11111111111111,158.0,171.0,177.0,707.0,704.0,558.0,550.0,60.111111111111114,60.0,140.0,36.0,138.0,37.0
57091572,550.0,500.77777777777777,555.2222222222222,266.0,158.22222222222223,158.0,171.0,177.0,707.0,704.0,558.0,550.0,60.22222222222222,60.0,140.11111111111111,36.0,138.0,37.0
57194808,550.0,500.6666666666667,555.3333333333334,266.0,158.33333333333334,158.0,171.0,177.0,707.0,704.0,558.0,550.0,60.333333333333336,60.0,140.22222222222223,36.0,138.0,37.0
57593068,550.0,500.55555555555554,555.4444444444445,266.0,158.44444444444446,158.0,171.0,177.0,707.0,704.0,558.0,550.0,60.44444444444444,60.0,140.33333333333334,36.0,138.0,37.0
58216464,550.0,500.44444444444446,555.5555555555555,266.0,158.55555555555554,158.0,171.0,177.0,707.0,704.0,558.0,550.0,60.55555555555556,60.0,140.44444444444446,36.0,138.0,37.0
58618968,550.0,500.3333333333333,555.6666666666666,266.0,158.66666666666666,158.0,171.0,177.0,707.0,704.0,558.0,550.0,60.666666666666664,60.0,140.55555555555554,36.0,138.0,37.0
59219264,550.0,500.22222222222223,555.7777777777778,266.0,158.77777777777777,158.0,171.0,177.0,707.0,704.0,558.0,550.0,60.77777777777778,60.0,140.66666666666666,36.0,138.0,37.0
59621980,550.0,500.1111111111111,555.8888888888889,266.0,158.88888888888889,158.0,171.0,177.0,707.0,704.0,558.0,550.0,60.888888888888886,60.0,140.77777777777777,36.0,138.0,37.0
61480288,550.0,500.0,556.0,266.0,159.0,158.0,171.0,177.0,707.0,704.0,558.0,550.0,61.0,60.0,140.88888888888889,36.0,138.0,37.0
61981812,550.0,500.1111111111111,556.0,266.1111111111111,159.11111111111111,158.11111111111111,170.88888888888889,177.0,706.8888888888889,704.0,558.0,550.0,60.888888888888886,60.0,141.0,36.0,138.0,37.0
62106596,550.0,500.22222222222223,556.0,266.22222222222223,159.22222222222223,158.22222222222223,170.77777777777777,177.0,706.7777777777778,704.0,558.0,550.0,60.77777777777778,60.0,140.88888888888889,36.0,137.88888888888889,37.0
62209780,550.0,500.3333333333333,556.0,266.3333333333333,159.33333333333334,158.33333333333334,170.66666666666666,177.0,706.6666666666666,704.0,558.0,550.0,60.666666666666664,60.0,140.77777777777777,36.0,137.77777777777777,37.0
62608092,550.0,500.44444444444446,556.0,266.44444444444446,159.44444444444446,158.44444444444446,170.55555555555554,177.0,706.5555555555555,704.0,558.0,550.0,60.55555555555556,60.0,140.66666666666666,36.0,137.66666666666666,37.0
63231636,550.0,500.55555555555554,556.0,266.55555555555554,159.55555555555554,158.55555555555554,170.44444444444446,177.0,706.4444444444445,704.0,558.0,550.0,60.44444444444444,60.0,140.55555555555554,36.0,137.55555555555554,37.0
63633992,550.0,500.6666666666667,556.0,266.6666666666667,159.66666666666666,158.66666666666666,170.33333333333334,177.0,706.3333333333334,704.0,558.0,550.0,60.333333333333336,60.0,140.44444444444446,36.0,137.44444444444446,37.0
64234288,550.0,500.77777777777777,556.0,266.77777777777777,159.77777777777777,158.77777777777777,170.22222222222223,177.0,706.2222222222222,704.0,558.0,550.0,60.22222222222222,60.0,140.33333333333334,36.0,137.33333333333334,37.0
64637004,550.0,500.8888888888889,556.0,266.8888888888889,159.88888888888889,158.88888888888889,170.11111111111111,177.0,706.1111111111111,704.0,558.0,550.0,60.111111111111114,60.0,140.22222222222223,36.0,137.22222222222223,37.0
66495316,550.0,501.0,556.0,267.0,160.0,159.0,170.0,177.0,706.0,704.0,558.0,550.0,60.0,60.0,140.11111111111111,36.0,137.11111111111111,37.0
66996836,550.0,500.9,555.9,267.0,160.0,159.0,170.1,177.1,706.0,703.9,558.0,550.0,60.0,60.0,140.0,36.0,137.0,37.0
67121624,550.0,500.8,555.8,267.0,160.0,159.0,170.2,177.2,706.0,703.8,558.0,550.0,60.0,60.0,139.9,36.0,136.8,37.0
67224516,550.0,500.7,555.7,267.0,160.0,159.0,170.3,177.3,706.0,703.7,558.0,550.0,60.0,60.0,139.8,36.0,136.6,37.0
67633544,550.0,500.6,555.6,267.0,160.0,159.0,170.4,177.4,706.0,703.6,558.0,550.0,60.0,60.0,139.7,36.0,136.4,37.0
68124636,550.0,500.5,555.5,267.0,160.0,159.0,170.5,177.5,706.0,703.5,558.0,550.0,60.0,60.0,139.6,36.0,136.2,37.0
68747976,550.0,500.4,555.4,267.0,160.0,159.0,170.6,177.6,706.0,703.4,558.0,550.0,60.0,60.0,139.5,36.0,136.0,37.0
69150536,550.0,500.3,555.3,267.0,160.0,159.0,170.7,177.7,706.0,703.3,558.0,550.0,60.0,60.0,139.4,36.0,135.8,37.0
69750936,550.0,500.2,555.2,267.0,160.0,159.0,170.8,177.8,706.0,703.2,558.0,550.0,60.0,60.0,139.3,36.0,135.6,37.0
70153552,550.0,500.1,555.1,267.0,160.0,159.0,170.9,177.9,706.0,703.1,558.0,550.0,60.0,60.0,139.2,36.0,135.4,37.0
72011864,550.0,500.0,555.0,267.0,160.0,159.0,171.0,178.0,706.0,703.0,558.0,550.0,60.0,60.0,139.1,36.0,135.2,37.0
72513380,550.0,500.0,555.0,267.1111111111111,160.0,159.0,171.11111111111111,178.11111111111111,706.0,703.0,558.0,550.0,60.0,59.888888888888886,139.0,36.0,135.0,37.0
72638168,550.0,500.0,555.0,267.22222222222223,160.0,159.0,171.22222222222223,178.22222222222223,706.0,703.0,558.0,550.0,60.0,59.77777777777778,138.88888888888889,36.0,135.0,37.0
72741504,550.0,500.0,555.0,267.3333333333333,160.0,159.0,171.33333333333334,178.33333333333334,706.0,703.0,558.0,550.0,60.0,59.666666666666664,138.77777777777777,36.0,135.0,37.0
73139688,550.0,500.0,555.0,267.44444444444446,160.0,159.0,171.44444444444446,178.44444444444446,706.0,703.0,558.0,550.0,60.0,59.55555555555556,138.66666666666666,36.0,135.0,37.0
73763236,550.0,500.0,555.0,267.55555555555554,160.0,159.0,171.55555555555554,178.55555555555554,706.0,703.0,558.0,550.0,60.0,59.44444444444444,138.55555555555554,36.0,135.0,37.0
74165588,550.0,500.0,555.0,267.6666666666667,160.0,159.0,171.66666666666666,178.66666666666666,706.0,703.0,558.0,550.0,60.0,59.333333333333336,138.44444444444446,36.0,135.0,37.0
74766144,550.0,500.0,555.0,267.77777777777777,160.0,159.0,171.77777777777777,178.77777777777777,706.0,703.0,558.0,550.0,60.0,59.22222222222222,138.33333333333334,36.0,135.0,37.0
75168576,550.0,500.0,555.0,267.8888888888889,160.0,159.0,171.88888888888889,178.88888888888889,706.0,703.0,558.0,550.0,60.0,59.111111111111114,138.22222222222223,36.0,135.0,37.0
77026912,550.0,500.0,555.0,268.0,160.0,159.0,172.0,179.0,706.0,703.0,558.0,550.0,60.0,59.0,138.11111111111111,36.0,135.0,37.0
77528432,550.0,500.0,555.0,268.0,160.11111111111111,158.88888888888889,172.11111111111111,179.11111111111111,705.8888888888889,703.0,557.8888888888889,550.0,60.0,59.0,138.0,36.0,135.0,37.0
77653216,550.0,500.0,555.0,268.0,160.22222222222223,158.77777777777777,172.22222222222223,179.22222222222223,705.7777777777778,703.0,557.7777777777778,550.0,60.0,59.0,138.0,35.666666666666664,134.88888888888889,37.0
77756480,550.0,500.0,555.0,268.0,160.33333333333334,158.66666666666666,172.33333333333334,179.33333333333334,705.6666666666666,703.0,557.6666666666666,550.0,60.0,59.0,138.0,35.333333333333336,134.77777777777777,37.0
78154716,550.0,500.0,555.0,268.0,160.44444444444446,158.55555555555554,172.44444444444446,179.44444444444446,705.5555555555555,703.0,557.5555555555555,550.0,60.0,59.0,138.0,35.0,134.66666666666666,37.0
78778500,550.0,500.0,555.0,268.0,160.55555555555554,158.44444444444446,172.55555555555554,179.55555555555554,705.4444444444445,703.0,557.4444444444445,550.0,60.0,59.0,138.0,34.666666666666664,134.55555555555554,37.0
79180612,550.0,500.0,555.0,268.0,160.66666666666666,158.33333333333334,172.66666666666666,179.66666666666666,705.3333333333334,703.0,557.3333333333334,550.0,60.0,59.0,138.0,34.333333333333336,134.44444444444446,37.0
79781352,550.0,500.0,555.0,268.0,160.77777777777777,158.22222222222223,172.77777777777777,179.77777777777777,705.2222222222222,703.0,557.2222222222222,550.0,60.0,59.0,138.0,34.0,134.33333333333334,37.0
80183628,550.0,500.0,555.0,268.0,160.88888888888889,158.11111111111111,172.88888888888889,179.88888888888889,705.1111111111111,703.0,557.1111111111111,550.0,60.0,59.0,138.0,33.666666666666664,134.22222222222223,37.0
82041960,550.0,500.0,555.0,268.0,161.0,158.0,173.0,180.0,705.0,703.0,557.0,550.0,60.0,59.0,138.0,33.333333333333336,134.11111111111111,37.0
82543484,550.0,500.0,554.9090909090909,268.0,160.9090909090909,158.0,173.1818181818182,180.1818181818182,705.0,703.0,557.0,549.9090909090909,60.0,59.0,138.0,33.0,134.0,37.0
82668268,550.0,500.0,554.8181818181819,268.0,160.8181818181818,158.0,173.36363636363637,180.36363636363637,705.0,703.0,557.0,549.8181818181819,60.0,59.0,137.9090909090909,33.0,134.0,37.0
82771268,550.0,500.0,554.7272727272727,268.0,160.72727272727272,158.0,173.54545454545453,180.54545454545453,705.0,703.0,557.0,549.7272727272727,60.0,59.0,137.8181818181818,33.0,134.0,37.0
83180188,550.0,500.0,554.6363636363636,268.0,160.63636363636363,158.0,173.72727272727272,180.72727272727272,705.0,703.0,557.0,549.6363636363636,60.0,59.0,137.72727272727272,33.0,134.0,37.0
83671260,550.0,500.0,554.5454545454545,268.0,160.54545454545453,158.0,173.9090909090909,180.9090909090909,705.0,703.0,557.0,549.5454545454545,60.0,59.0,137.63636363636363,33.0,134.0,37.0
84294828,550.0,500.0,554.4545454545455,268.0,160.45454545454547,158.0,174.0909090909091,181.0909090909091,705.0,703.0,557.0,549.4545454545455,60.0,59.0,137.54545454545453,33.0,134.0,37.0
84697184,550.0,500.0,554.3636363636364,268.0,160.36363636363637,158.0,174.27272727272728,181.27272727272728,705.0,703.0,557.0,549.3636363636364,60.0,59.0,137.45454545454547,33.0,134.0,37.0
85298052,550.0,500.0,554.2727272727273,268.0,160.27272727272728,158.0,174.45454545454547,181.45454545454547,705.0,703.0,557.0,549.2727272727273,60.0,59.0,137.36363636363637,33.0,134.0,37.0
85700196,550.0,500.0,554.1818181818181,268.0,160.1818181818182,158.0,174.63636363636363,181.63636363636363,705.0,703.0,557.0,549.1818181818181,60.0,59.0,137.27272727272728,33.0,134.0,37.0
86300076,550.0,500.0,554.0909090909091,268.0,160.0909090909091,158.0,174.8181818181818,181.8181818181818,705.0,703.0,557.0,549.0909090909091,60.0,59.0,137.1818181818182,33.0,134.0,37.0
87558532,550.0,500.0,554.0,268.0,160.0,158.0,175.0,182.0,705.0,703.0,557.0,549.0,60.0,59.0,137.0909090909091,33.0,134.0,37.0
88060032,550.0,500.0,554.0,268.0,160.0,158.0,175.11111111111111,182.11111111111111,705.0,702.8888888888889,557.0,549.0,60.0,59.0,137.0,33.0,134.0,37.0
88184816,550.0,500.0,554.0,268.0,160.0,158.0,175.22222222222223,182.22222222222223,705.0,702.7777777777778,557.0,549.0,60.0,59.0,137.0,33.0,134.0,37.0
88288048,550.0,500.0,554.0,268.0,160.0,158.0,175.33333333333334,182.33333333333334,705.0,702.6666666666666,557.0,549.0,60.0,59.0,137.0,33.0,134.0,37.0
88686308,550.0,500.0,554.0,268.0,160.0,158.0,175.44444444444446,182.44444444444446,705.0,702.5555555555555,557.0,549.0,60.0,59.0,137.0,33.0,134.0,37.0
89310036,550.0,500.0,554.0,268.0,160.0,158.0,175.55555555555554,182.55555555555554,705.0,702.4444444444445,557.0,549.0,60.0,59.0,137.0,33.0,134.0,37.0
89712232,550.0,500.0,554.0,268.0,160.0,158.0,175.66666666666666,182.66666666666666,705.0,702.3333333333334,557.0,549.0,60.0,59.0,137.0,33.0,134.0,37.0
90313284,550.0,500.0,554.0,268.0,160.0,158.0,175.77777777777777,182.77777777777777,705.0,702.2222222222222,557.0,549.0,60.0,59.0,137.0,33.0,134.0,37.0
90715248,550.0,500.0,554.0,268.0,160.0,158.0,175.88888888888889,182.88888888888889,705.0,702.1111111111111,557.0,549.0,60.0,59.0,137.0,33.0,134.0,37.0
92573584,550.0,500.0,554.0,268.0,160.0,158.0,176.0,183.0,705.0,702.0,557.0,549.0,60.0,59.0,137.0,33.0,134.0,37.0
93075076,550.0,500.0,554.0,268.0,160.0,158.0,176.1,183.1,705.0,702.0,557.0,549.0,59.9,59.0,137.0,33.0,134.0,37.0
93199892,550.0,500.0,554.0,268.0,160.0,158.0,176.2,183.2,705.0,702.0,557.0,549.0,59.8,59.0,136.9,33.0,134.0,37.0
93303044,550.0,500.0,554.0,268.0,160.0,158.0,176.3,183.3,705.0,702.0,557.0,549.0,59.7,59.0,136.8,33.0,134.0,37.0
93701384,550.0,500.0,554.0,268.0,160.0,158.0,176.4,183.4,705.0,702.0,557.0,549.0,59.6,59.0,136.7,33.0,134.0,37.0
94325348,550.0,500.0,554.0,268.0,160.0,158.0,176.5,183.5,705.0,702.0,557.0,549.0,59.5,59.0,136.6,33.0,134.0,37.0
94727284,550.0,500.0,554.0,268.0,160.0,158.0,176.6,183.6,705.0,702.0,557.0,549.0,59.4,59.0,136.5,33.0,134.0,37.0
95327684,550.0,500.0,554.0,268.0,160.0,158.0,176.7,183.7,705.0,702.0,557.0,549.0,59.3,59.0,136.4,33.0,134.0,37.0
95730300,550.0,500.0,554.0,268.0,160.0,158.0,176.8,183.8,705.0,702.0,557.0,549.0,59.2,59.0,136.3,33.0,134.0,37.0
96365388,550.0,500.0,554.0,268.0,160.0,158.0,176.9,183.9,705.0,702.0,557.0,549.0,59.1,59.0,136.2,33.0,134.0,37.0
97588632,550.0,500.0,554.0,268.0,160.0,158.0,177.0,184.0,705.0,702.0,557.0,549.0,59.0,59.0,136.1,33.0,134.0,37.0
98090128,550.0,500.0,554.0,268.0,159.9,157.9,177.1,184.0,705.0,702.0,557.0,549.0,59.0,59.0,136.0,33.0,134.0,37.0
98214940,550.0,500.0,554.0,268.0,159.8,157.8,177.2,184.0,705.0,702.0,557.0,549.0,59.0,59.0,135.9,33.0,134.0,37.0
98317808,550.0,500.0,554.0,268.0,159.7,157.7,177.3,184.0,705.0,702.0,557.0,549.0,59.0,59.0,135.8,33.0,134.0,37.0
98726836,550.0,500.0,554.0,268.0,159.6,157.6,177.4,184.0,705.0,702.0,557.0,549.0,59.0,59.0,135.7,33.0,134.0,37.0
99217932,550.0,500.0,554.0,268.0,159.5,157.5,177.5,184.0,705.0,702.0,557.0,549.0,59.0,59.0,135.6,33.0,134.0,37.0
99841684,550.0,500.0,554.0,268.0,159.4,157.4,177.6,184.0,705.0,702.0,557.0,549.0,59.0,59.0,135.5,33.0,134.0,37.0
100243828,550.0,500.0,554.0,268.0,159.3,157.3,177.7,184.0,705.0,702.0,557.0,549.0,59.0,59.0,135.4,33.0,134.0,37.0
100844180,550.0,500.0,554.0,268.0,159.2,157.2,177.8,184.0,705.0,702.0,557.0,549.0,59.0,59.0,135.3,33.0,134.0,37.0
101246844,550.0,500.0,554.0,268.0,159.1,157.1,177.9,184.0,705.0,702.0,557.0,549.0,59.0,59.0,135.2,33.0,134.0,37.0
103105176,550.0,500.0,554.0,268.0,159.0,157.0,178.0,184.0,705.0,702.0,557.0,549.0,59.0,59.0,135.1,33.0,134.0,37.0
103606696,550.0,500.0,554.0,268.0,159.0,157.0,178.0,184.0,704.8888888888889,702.0,556.8888888888889,549.0,59.111111111111114,59.0,135.0,33.0,134.0,37.0
103731484,550.0,500.0,554.0,268.0,159.0,157.0,178.0,184.0,704.7777777777778,702.0,556.7777777777778,549.0,59.22222222222222,59.0,135.11111111111111,33.0,134.11111111111111,37.0
103834800,550.0,500.0,554.0,268.0,159.0,157.0,178.0,184.0,704.6666666666666,702.0,556.6666666666666,549.0,59.333333333333336,59.0,135.22222222222223,33.0,134.22222222222223,37.0
104232984,550.0,500.0,554.0,268.0,159.0,157.0,178.0,184.0,704.5555555555555,702.0,556.5555555555555,549.0,59.44444444444444,59.0,135.33333333333334,33.0,134.33333333333334,37.0
104856916,550.0,500.0,554.0,268.0,159.0,157.0,178.0,184.0,704.4444444444445,702.0,556.4444444444445,549.0,59.55555555555556,59.0,135.44444444444446,33.0,134.44444444444446,37.0
105258880,550.0,500.0,554.0,268.0,159.0,157.0,178.0,184.0,704.3333333333334,702.0,556.3333333333334,549.0,59.666666666666664,59.0,135.55555555555554,33.0,134.55555555555554,37.0
105859384,550.0,500.0,554.0,268.0,159.0,157.0,178.0,184.0,704.2222222222222,702.0,556.2222222222222,549.0,59.77777777777778,59.0,135.66666666666666,33.0,134.66666666666666,37.0
106261892,550.0,500.0,554.0,268.0,159.0,157.0,178.0,184.0,704.1111111111111,702.0,556.1111111111111,549.0,59.888888888888886,59.0,135.77777777777777,33.0,134.77777777777777,37.0
108120228,550.0,500.0,554.0,268.0,159.0,157.0,178.0,184.0,704.0,702.0,556.0,549.0,60.0,59.0,135.88888888888889,33.0,134.88888888888889,37.0
108621748,550.0,499.8888888888889,554.0,268.0,159.0,157.0,178.0,184.0,704.0,702.0,556.0,548.8888888888889,60.0,59.0,136.0,33.0,135.0,37.0
108746536,550.0,499.77777777777777,554.0,268.0,159.0,157.0,178.0,184.0,704.0,702.0,556.0,548.7777777777778,60.0,59.0,136.0,33.888888888888886,135.11111111111111,37.0
108849796,550.0,499.6666666666667,554.0,268.0,159.0,157.0,178.0,184.0,704.0,702.0,556.0,548.6666666666666,60.0,59.0,136.0,34.77777777777778,135.22222222222223,37.0
109248032,550.0,499.55555555555554,554.0,268.0,159.0,157.0,178.0,184.0,704.0,702.0,556.0,548.5555555555555,60.0,59.0,136.0,35.666666666666664,135.33333333333334,37.0
109872176,550.0,499.44444444444446,554.0,268.0,159.0,157.0,178.0,184.0,704.0,702.0,556.0,548.4444444444445,60.0,59.0,136.0,36.55555555555556,135.44444444444446,37.0
110273932,550.0,499.3333333333333,554.0,268.0,159.0,157.0,178.0,184.0,704.0,702.0,556.0,548.3333333333334,60.0,59.0,136.0,37.44444444444444,135.55555555555554,37.0
110874616,550.0,499.22222222222223,554.0,268.0,159.0,157.0,178.0,184.0,704.0,702.0,556.0,548.2222222222222,60.0,59.0,136.0,38.333333333333336,135.66666666666666,37.0
111276944,550.0,499.1111111111111,554.0,268.0,159.0,157.0,178.0,184.0,704.0,702.0,556.0,548.1111111111111,60.0,59.0,136.0,39.22222222222222,135.77777777777777,37.0
113135280,550.0,499.0,554.0,268.0,159.0,157.0,178.0,184.0,704.0,702.0,556.0,548.0,60.0,59.0,136.0,40.111111111111114,135.88888888888889,37.0
113636800,550.0,499.0,554.0,268.0,159.0,157.11111111111111,178.11111111111111,184.11111111111111,704.0,702.0,556.0,548.0,60.0,59.111111111111114,136.0,41.0,136.0,37.0
113761588,550.0,499.0,554.0,268.0,159.0,157.22222222222223,178.22222222222223,184.22222222222223,704.0,702.0,556.0,548.0,60.0,59.22222222222222,136.33333333333334,41.0,136.11111111111111,37.0
113864768,550.0,499.0,554.0,268.0,159.0,157.33333333333334,178.33333333333334,184.33333333333334,704.0,702.0,556.0,548.0,60.0,59.333333333333336,136.66666666666666,41.0,136.22222222222223,37.0
114263084,550.0,499.0,554.0,268.0,159.0,157.44444444444446,178.44444444444446,184.44444444444446,704.0,702.0,556.0,548.0,60.0,59.44444444444444,137.0,41.0,136.33333333333334,37.0
114886392,550.0,499.0,554.0,268.0,159.0,157.55555555555554,178.55555555555554,184.55555555555554,704.0,702.0,556.0,548.0,60.0,59.55555555555556,137.33333333333334,41.0,136.44444444444446,37.0
115288980,550.0,499.0,554.0,268.0,159.0,157.66666666666666,178.66666666666666,184.66666666666666,704.0,702.0,556.0,548.0,60.0,59.666666666666664,137.66666666666666,41.0,136.55555555555554,37.0
115889824,550.0,499.0,554.0,268.0,159.0,157.77777777777777,178.77777777777777,184.77777777777777,704.0,702.0,556.0,548.0,60.0,59.77777777777778,138.0,41.0,136.66666666666666,37.0
116291996,550.0,499.0,554.0,268.0,159.0,157.88888888888889,178.88888888888889,184.88888888888889,704.0,702.0,556.0,548.0,60.0,59.888888888888886,138.33333333333334,41.0,136.77777777777777,37.0
118150328,550.0,499.0,554.0,268.0,159.0,158.0,179.0,185.0,704.0,702.0,556.0,548.0,60.0,60.0,138.66666666666666,41.0,136.88888888888889,37.0
118651824,550.0,499.0,554.0,267.9,159.0,158.0,178.9,185.0,704.0,702.0,556.0,548.0,60.0,60.0,139.0,41.0,137.0,37.0
118776612,550.0,499.0,554.0,267.8,159.0,158.0,178.8,185.0,704.0,702.0,556.0,548.0,60.0,60.0,139.2,41.0,137.1,37.0
118879532,550.0,499.0,554.0,267.7,159.0,158.0,178.7,185.0,704.0,702.0,556.0,548.0,60.0,60.0,139.4,41.0,137.2,37.0
119288532,550.0,499.0,554.0,267.6,159.0,158.0,178.6,185.0,704.0,702.0,556.0,548.0,60.0,60.0,139.6,41.0,137.3,37.0
119779628,550.0,499.0,554.0,267.5,159.0,158.0,178.5,185.0,704.0,702.0,556.0,548.0,60.0,60.0,139.8,41.0,137.4,37.0
120403772,550.0,499.0,554.0,267.4,159.0,158.0,178.4,185.0,704.0,702.0,556.0,548.0,60.0,60.0,140.0,41.0,137.5,37.0
120805528,550.0,499.0,554.0,267.3,159.0,158.0,178.3,185.0,704.0,702.0,556.0,548.0,60.0,60.0,140.2,41.0,137.6,37.0
121406504,550.0,499.0,554.0,267.2,159.0,158.0,178.2,185.0,704.0,702.0,556.0,548.0,60.0,60.0,140.4,41.0,137.7,37.0
121808540,550.0,499.0,554.0,267.1,159.0,158.0,178.1,185.0,704.0,702.0,556.0,548.0,60.0,60.0,140.6,41.0,137.8,37.0
123666876,550.0,499.0,554.0,267.0,159.0,158.0,178.0,185.0,704.0,702.0,556.0,548.0,60.0,60.0,140.8,41.0,137.9,37.0
124168372,550.0,499.0,554.0,267.1111111111111,159.11111111111111,158.0,178.0,185.11111111111111,704.0,702.0,556.0,548.0,60.0,60.0,141.0,41.0,138.0,37.0
124293160,550.0,499.0,554.0,267.22222222222223,159.22222222222223,158.0,178.0,185.22222222222223,704.0,702.0,556.0,548.0,60.0,60.0,140.77777777777777,41.0,137.88888888888889,37.0
124396520,550.0,499.0,554.0,267.3333333333333,159.33333333333334,158.0,178.0,185.33333333333334,704.0,702.0,556.0,548.0,60.0,60.0,140.55555555555554,41.0,137.77777777777777,37.0
124794680,550.0,499.0,554.0,267.44444444444446,159.44444444444446,158.0,178.0,185.44444444444446,704.0,702.0,556.0,548.0,60.0,60.0,140.33333333333334,41.0,137.66666666666666,37.0
125417912,550.0,499.0,554.0,267.55555555555554,159.55555555555554,158.0,178.0,185.55555555555554,704.0,702.0,556.0,548.0,60.0,60.0,140.11111111111111,41.0,137.55555555555554,37.0
125820576,550.0,499.0,554.0,267.6666666666667,159.66666666666666,158.0,178.0,185.66666666666666,704.0,702.0,556.0,548.0,60.0,60.0,139.88888888888889,41.0,137.44444444444446,37.0
126420664,550.0,499.0,554.0,267.77777777777777,159.77777777777777,158.0,178.0,185.77777777777777,704.0,702.0,556.0,548.0,60.0,60.0,139.66666666666666,41.0,137.33333333333334,37.0
126823564,550.0,499.0,554.0,267.8888888888889,159.88888888888889,158.0,178.0,185.88888888888889,704.0,702.0,556.0,548.0,60.0,60.0,139.44444444444446,41.0,137.22222222222223,37.0
128681900,550.0,499.0,554.0,268.0,160.0,158.0,178.0,186.0,704.0,702.0,556.0,548.0,60.0,60.0,139.22222222222223,41.0,137.11111111111111,37.0
129183392,550.0,499.0,554.0,267.8888888888889,160.0,158.11111111111111,178.0,186.11111111111111,704.0,702.0,556.0,548.0,60.0,60.0,139.0,41.0,137.0,37.0
129308208,550.0,499.0,554.0,267.77777777777777,160.0,158.22222222222223,178.0,186.22222222222223,704.0,702.0,556.0,548.0,60.0,60.0,138.88888888888889,41.0,136.88888888888889,37.0
129411284,550.0,499.0,554.0,267.6666666666667,160.0,158.33333333333334,178.0,186.33333333333334,704.0,702.0,556.0,548.0,60.0,60.0,138.77777777777777,41.0,136.77777777777777,37.0
129809700,550.0,499.0,554.0,267.55555555555554,160.0,158.44444444444446,178.0,186.44444444444446,704.0,702.0,556.0,548.0,60.0,60.0,138.66666666666666,41.0,136.66666666666666,37.0
130433168,550.0,499.0,554.0,267.44444444444446,160.0,158.55555555555554,178.0,186.55555555555554,704.0,702.0,556.0,548.0,60.0,60.0,138.55555555555554,41.0,136.55555555555554,37.0
130835600,550.0,499.0,554.0,267.3333333333333,160.0,158.66666666666666,178.0,186.66666666666666,704.0,702.0,556.0,548.0,60.0,60.0,138.44444444444446,41.0,136.44444444444446,37.0
131436108,550.0,499.0,554.0,267.22222222222223,160.0,158.77777777777777,178.0,186.77777777777777,704.0,702.0,556.0,548.0,60.0,60.0,138.33333333333334,41.0,136.33333333333334,37.0
131838616,550.0,499.0,554.0,267.1111111111111,160.0,158.88888888888889,178.0,186.88888888888889,704.0,702.0,556.0,548.0,60.0,60.0,138.22222222222223,41.0,136.22222222222223,37.0
133696952,550.0,499.0,554.0,267.0,160.0,159.0,178.0,187.0,704.0,702.0,556.0,548.0,60.0,60.0,138.11111111111111,41.0,136.11111111111111,37.0
134198444,550.0,499.0,554.0,267.0,160.0,158.9090909090909,178.0909090909091,187.0909090909091,704.0,702.0,556.0,548.0,60.0,59.90909090909091,138.0,41.0,136.0,37.0
134323232,550.0,499.0,554.0,267.0,160.0,158.8181818181818,178.1818181818182,187.1818181818182,704.0,702.0,556.0,548.0,60.0,59.81818181818182,137.9090909090909,41.0,135.9090909090909,37.0
134426256,550.0,499.0,554.0,267.0,160.0,158.72727272727272,178.27272727272728,187.27272727272728,704.0,702.0,556.0,548.0,60.0,59.72727272727273,137.8181818181818,41.0,135.8181818181818,37.0
134835152,550.0,499.0,554.0,267.0,160.0,158.63636363636363,178.36363636363637,187.36363636363637,704.0,702.0,556.0,548.0,60.0,59.63636363636363,137.72727272727272,41.0,135.72727272727272,37.0
135326248,550.0,499.0,554.0,267.0,160.0,158.54545454545453,178.45454545454547,187.45454545454547,704.0,702.0,556.0,548.0,60.0,59.54545454545455,137.63636363636363,41.0,135.63636363636363,37.0
135949532,550.0,499.0,554.0,267.0,160.0,158.45454545454547,178.54545454545453,187.54545454545453,704.0,702.0,556.0,548.0,60.0,59.45454545454545,137.54545454545453,41.0,135.54545454545453,37.0
136352148,550.0,499.0,554.0,267.0,160.0,158.36363636363637,178.63636363636363,187.63636363636363,704.0,702.0,556.0,548.0,60.0,59.36363636363637,137.45454545454547,41.0,135.45454545454547,37.0
136952572,550.0,499.0,554.0,267.0,160.0,158.27272727272728,178.72727272727272,187.72727272727272,704.0,702.0,556.0,548.0,60.0,59.27272727272727,137.36363636363637,41.0,135.36363636363637,37.0
137355160,550.0,499.0,554.0,267.0,160.0,158.1818181818182,178.8181818181818,187.8181818181818,704.0,702.0,556.0,548.0,60.0,59.18181818181818,137.27272727272728,41.0,135.27272727272728,37.0
137990720,550.0,499.0,554.0,267.0,160.0,158.0909090909091,178.9090909090909,187.9090909090909,704.0,702.0,556.0,548.0,60.0,59.09090909090909,137.1818181818182,41.0,135.1818181818182,37.0
139213496,550.0,499.0,554.0,267.0,160.0,158.0,179.0,188.0,704.0,702.0,556.0,548.0,60.0,59.0,137.0909090909091,41.0,135.0909090909091,37.0
139714988,550.0,499.0,553.9,267.0,160.0,158.0,179.0,188.1,703.9,702.0,556.0,548.0,60.0,59.0,137.0,41.0,135.0,37.0
139839804,550.0,499.0,553.8,267.0,160.0,158.0,179.0,188.2,703.8,702.0,556.0,548.0,60.0,59.0,137.0,41.0,134.9,37.0
139943244,550.0,499.0,553.7,267.0,160.0,158.0,179.0,188.3,703.7,702.0,556.0,548.0,60.0,59.0,137.0,41.0,134.8,37.0
140351696,550.0,499.0,553.6,267.0,160.0,158.0,179.0,188.4,703.6,702.0,556.0,548.0,60.0,59.0,137.0,41.0,134.7,37.0
140842792,550.0,499.0,553.5,267.0,160.0,158.0,179.0,188.5,703.5,702.0,556.0,548.0,60.0,59.0,137.0,41.0,134.6,37.0
141466912,550.0,499.0,553.4,267.0,160.0,158.0,179.0,188.6,703.4,702.0,556.0,548.0,60.0,59.0,137.0,41.0,134.5,37.0
141868688,550.0,499.0,553.3,267.0,160.0,158.0,179.0,188.7,703.3,702.0,556.0,548.0,60.0,59.0,137.0,41.0,134.4,37.0
142469224,550.0,499.0,553.2,267.0,160.0,158.0,179.0,188.8,703.2,702.0,556.0,548.0,60.0,59.0,137.0,41.0,134.3,37.0
142871708,550.0,499.0,553.1,267.0,160.0,158.0,179.0,188.9,703.1,702.0,556.0,548.0,60.0,59.0,137.0,41.0,134.2,37.0
144730040,550.0,499.0,553.0,267.0,160.0,158.0,179.0,189.0,703.0,702.0,556.0,548.0,60.0,59.0,137.0,41.0,134.1,37.0
145231532,550.0,498.8888888888889,553.0,266.8888888888889,159.88888888888889,158.0,179.11111111111111,189.11111111111111,703.0,702.0,556.0,548.0,60.0,59.0,137.0,41.0,134.0,37.0
145356320,550.0,498.77777777777777,553.0,266.77777777777777,159.77777777777777,158.0,179.22222222222223,189.22222222222223,703.0,702.0,556.0,548.0,60.0,59.0,137.0,41.0,134.11111111111111,37.0
145459608,550.0,498.6666666666667,553.0,266.6666666666667,159.66666666666666,158.0,179.33333333333334,189.33333333333334,703.0,702.0,556.0,548.0,60.0,59.0,137.0,41.0,134.22222222222223,37.0
145857840,550.0,498.55555555555554,553.0,266.55555555555554,159.55555555555554,158.0,179.44444444444446,189.44444444444446,703.0,702.0,556.0,548.0,60.0,59.0,137.0,41.0,134.33333333333334,37.0
146481100,550.0,498.44444444444446,553.0,266.44444444444446,159.44444444444446,158.0,179.55555555555554,189.55555555555554,703.0,702.0,556.0,548.0,60.0,59.0,137.0,41.0,134.44444444444446,37.0
146883740,550.0,498.3333333333333,553.0,266.3333333333333,159.33333333333334,158.0,179.66666666666666,189.66666666666666,703.0,702.0,556.0,548.0,60.0,59.0,137.0,41.0,134.55555555555554,37.0
147484584,550.0,498.22222222222223,553.0,266.22222222222223,159.22222222222223,158.0,179.77777777777777,189.77777777777777,703.0,702.0,556.0,548.0,60.0,59.0,137.0,41.0,134.66666666666666,37.0
147886728,550.0,498.1111111111111,553.0,266.1111111111111,159.11111111111111,158.0,179.88888888888889,189.88888888888889,703.0,702.0,556.0,548.0,60.0,59.0,137.0,41.0,134.77777777777777,37.0
149745064,550.0,498.0,553.0,266.0,159.0,158.0,180.0,190.0,703.0,702.0,556.0,548.0,60.0,59.0,137.0,41.0,134.88888888888889,37.0
150246584,550.0,498.0,553.0,266.0,159.0,158.0,180.11111111111111,190.0,703.0,702.0,556.0,548.0,60.0,59.0,137.0,41.0,135.0,37.0
150371372,550.0,498.0,553.0,266.0,159.0,158.0,180.22222222222223,190.0,703.0,702.0,556.0,548.0,60.0,59.0,137.11111111111111,41.0,135.0,37.0
150474372,550.0,498.0,553.0,266.0,159.0,158.0,180.33333333333334,190.0,703.0,702.0,556.0,548.0,60.0,59.0,137.22222222222223,41.0,135.0,37.0
150872868,550.0,498.0,553.0,266.0,159.0,158.0,180.44444444444446,190.0,703.0,702.0,556.0,548.0,60.0,59.0,137.33333333333334,41.0,135.0,37.0
151496308,550.0,498.0,553.0,266.0,159.0,158.0,180.55555555555554,190.0,703.0,702.0,556.0,548.0,60.0,59.0,137.44444444444446,41.0,135.0,37.0
151898792,550.0,498.0,553.0,266.0,159.0,158.0,180.66666666666666,190.0,703.0,702.0,556.0,548.0,60.0,59.0,137.55555555555554,41.0,135.0,37.0
152499664,550.0,498.0,553.0,266.0,159.0,158.0,180.77777777777777,190.0,703.0,702.0,556.0,548.0,60.0,59.0,137.66666666666666,41.0,135.0,37.0
152901780,550.0,498.0,553.0,266.0,159.0,158.0,180.88888888888889,190.0,703.0,702.0,556.0,548.0,60.0,59.0,137.77777777777777,41.0,135.0,37.0
154760116,550.0,498.0,553.0,266.0,159.0,158.0,181.0,190.0,703.0,702.0,556.0,548.0,60.0,59.0,137.88888888888889,41.0,135.0,37.0
155261636,550.0,498.0,553.0,266.0,159.0,158.0,181.0,190.11111111111111,703.0,702.0,555.8888888888889,547.8888888888889,60.0,59.0,138.0,41.0,135.0,37.0
155386424,550.0,498.0,553.0,266.0,159.0,158.0,181.0,190.22222222222223,703.0,702.0,555.7777777777778,547.7777777777778,60.0,59.0,138.22222222222223,41.0,135.0,37.0
155489760,550.0,498.0,553.0,266.0,159.0,158.0,181.0,190.33333333333334,703.0,702.0,555.6666666666666,547.6666666666666,60.0,59.0,138.44444444444446,41.0,135.0,37.0
155887916,550.0,498.0,553.0,266.0,159.0,158.0,181.0,190.44444444444446,703.0,702.0,555.5555555555555,547.5555555555555,60.0,59.0,138.66666666666666,41.0,135.0,37.0
156511568,550.0,498.0,553.0,266.0,159.0,158.0,181.0,190.55555555555554,703.0,702.0,555.4444444444445,547.4444444444445,60.0,59.0,138.88888888888889,41.0,135.0,37.0
156913816,550.0,498.0,553.0,266.0,159.0,158.0,181.0,190.66666666666666,703.0,702.0,555.3333333333334,547.3333333333334,60.0,59.0,139.11111111111111,41.0,135.0,37.0
157514868,550.0,498.0,553.0,266.0,159.0,158.0,181.0,190.77777777777777,703.0,702.0,555.2222222222222,547.2222222222222,60.0,59.0,139.33333333333334,41.0,135.0,37.0
157916832,550.0,498.0,553.0,266.0,159.0,158.0,181.0,190.88888888888889,703.0,702.0,555.1111111111111,547.1111111111111,60.0,59.0,139.55555555555554,41.0,135.0,37.0
159775164,550.0,498.0,553.0,266.0,159.0,158.0,181.0,191.0,703.0,702.0,555.0,547.0,60.0,59.0,139.77777777777777,41.0,135.0,37.0
160276660,550.0,498.0,553.0,265.8888888888889,159.11111111111111,158.0,181.0,191.0,703.0,702.0,555.0,547.0,60.0,59.0,140.0,41.0,135.0,37.0
160401448,550.0,498.0,553.0,265.77777777777777,159.22222222222223,158.0,181.0,191.0,703.0,702.0,555.0,547.0,60.0,59.0,140.0,41.0,134.88888888888889,37.0
160504524,550.0,498.0,553.0,265.6666666666667,159.33333333333334,158.0,181.0,191.0,703.0,702.0,555.0,547.0,60.0,59.0,140.0,41.0,134.77777777777777,37.0
160902968,550.0,498.0,553.0,265.55555555555554,159.44444444444446,158.0,181.0,191.0,703.0,702.0,555.0,547.0,60.0,59.0,140.0,41.0,134.66666666666666,37.0
161526776,550.0,498.0,553.0,265.44444444444446,159.55555555555554,158.0,181.0,191.0,703.0,702.0,555.0,547.0,60.0,59.0,140.0,41.0,134.55555555555554,37.0
161928868,550.0,498.0,553.0,265.3333333333333,159.66666666666666,158.0,181.0,191.0,703.0,702.0,555.0,547.0,60.0,59.0,140.0,41.0,134.44444444444446,37.0
162529060,550.0,498.0,553.0,265.22222222222223,159.77777777777777,158.0,181.0,191.0,703.0,702.0,555.0,547.0,60.0,59.0,140.0,41.0,134.33333333333334,37.0
162931856,550.0,498.0,553.0,265.1111111111111,159.88888888888889,158.0,181.0,191.0,703.0,702.0,555.0,547.0,60.0,59.0,140.0,41.0,134.22222222222223,37.0
164790188,550.0,498.0,553.0,265.0,160.0,158.0,181.0,191.0,703.0,702.0,555.0,547.0,60.0,59.0,140.0,41.0,134.11111111111111,37.0
165291684,550.0,498.0,553.0,265.0,160.0,157.88888888888889,181.0,191.0,703.0,702.0,555.0,547.0,60.0,59.0,140.0,41.0,134.0,37.0
165416472,550.0,498.0,553.0,265.0,160.0,157.77777777777777,181.0,191.0,703.0,702.0,555.0,547.0,60.0,59.0,139.88888888888889,41.0,133.88888888888889,37.0
165519472,550.0,498.0,553.0,265.0,160.0,157.66666666666666,181.0,191.0,703.0,702.0,555.0,547.0,60.0,59.0,139.77777777777777,41.0,133.77777777777777,37.0
165917992,550.0,498.0,553.0,265.0,160.0,157.55555555555554,181.0,191.0,703.0,702.0,555.0,547.0,60.0,59.0,139.66666666666666,41.0,133.66666666666666,37.0
166542032,550.0,498.0,553.0,265.0,160.0,157.44444444444446,181.0,191.0,703.0,702.0,555.0,547.0,60.0,59.0,139.55555555555554,41.0,133.55555555555554,37.0
166943892,550.0,498.0,553.0,265.0,160.0,157.33333333333334,181.0,191.0,703.0,702.0,555.0,547.0,60.0,59.0,139.44444444444446,41.0,133.44444444444446,37.0
167544476,550.0,498.0,553.0,265.0,160.0,157.22222222222223,181.0,191.0,703.0,702.0,555.0,547.0,60.0,59.0,139.33333333333334,41.0,133.33333333333334,37.0
167946880,550.0,498.0,553.0,265.0,160.0,157.11111111111111,181.0,191.0,703.0,702.0,555.0,547.0,60.0,59.0,139.22222222222223,41.0,133.22222222222223,37.0
169805216,550.0,498.0,553.0,265.0,160.0,157.0,181.0,191.0,703.0,702.0,555.0,547.0,60.0,59.0,139.11111111111111,41.0,133.11111111111111,37.0
170306708,550.0,498.0,553.0,265.0,160.1,157.0,181.0,191.0,703.0,702.0,555.0,547.0,60.0,59.0,139.0,41.0,133.0,37.0
170431496,550.0,498.0,553.0,265.0,160.2,157.0,181.0,191.0,703.0,702.0,555.0,547.0,60.0,59.0,138.9,45.1,133.0,37.0
170534860,550.0,498.0,553.0,265.0,160.3,157.0,181.0,191.0,703.0,702.0,555.0,547.0,60.0,59.0,138.8,49.2,133.0,37.0
170943416,550.0,498.0,553.0,265.0,160.4,157.0,181.0,191.0,703.0,702.0,555.0,547.0,60.0,59.0,138.7,53.3,133.0,37.0
171434512,550.0,498.0,553.0,265.0,160.5,157.0,181.0,191.0,703.0,702.0,555.0,547.0,60.0,59.0,138.6,57.4,133.0,37.0
172058368,550.0,498.0,553.0,265.0,160.6,157.0,181.0,191.0,703.0,702.0,555.0,547.0,60.0,59.0,138.5,61.5,133.0,37.0
172460412,550.0,498.0,553.0,265.0,160.7,157.0,181.0,191.0,703.0,702.0,555.0,547.0,60.0,59.0,138.4,65.6,133.0,37.0
173060944,550.0,498.0,553.0,265.0,160.8,157.0,181.0,191.0,703.0,702.0,555.0,547.0,60.0,59.0,138.3,69.69999999999999,133.0,37.0
173463424,550.0,498.0,553.0,265.0,160.9,157.0,181.0,191.0,703.0,702.0,555.0,547.0,60.0,59.0,138.2,73.8,133.0,37.0
175321732,550.0,498.0,553.0,265.0,161.0,157.0,181.0,191.0,703.0,702.0,555.0,547.0,60.0,59.0,138.1,77.9,133.0,37.0
175823228,550.0,498.0,552.9090909090909,265.0,160.9090909090909,157.0,181.0,191.0,703.0,702.0,555.0,547.0,60.0,59.0,138.0,82.0,133.0,37.0
175948040,550.0,498.0,552.8181818181819,265.0,160.8181818181818,157.0,181.0,191.0,703.0,702.0,555.0,547.0,60.0,59.0,138.0,82.0,133.1818181818182,37.0
176051196,550.0,498.0,552.7272727272727,265.0,160.72727272727272,157.0,181.0,191.0,703.0,702.0,555.0,547.0,60.0,59.0,138.0,82.0,133.36363636363637,37.0
176459936,550.0,498.0,552.6363636363636,265.0,160.63636363636363,157.0,181.0,191.0,703.0,702.0,555.0,547.0,60.0,59.0,138.0,82.0,133.54545454545453,37.0
176951032,550.0,498.0,552.5454545454545,265.0,160.54545454545453,157.0,181.0,191.0,703.0,702.0,555.0,547.0,60.0,59.0,138.0,82.0,133.72727272727272,37.0
177574628,550.0,498.0,552.4545454545455,265.0,160.45454545454547,157.0,181.0,191.0,703.0,702.0,555.0,547.0,60.0,59.0,138.0,82.0,133.9090909090909,37.0
177976928,550.0,498.0,552.3636363636364,265.0,160.36363636363637,157.0,181.0,191.0,703.0,702.0,555.0,547.0,60.0,59.0,138.0,82.0,134.0909090909091,37.0
178577564,550.0,498.0,552.2727272727273,265.0,160.27272727272728,157.0,181.0,191.0,703.0,702.0,555.0,547.0,60.0,59.0,138.0,82.0,134.27272727272728,37.0
178979916,550.0,498.0,552.1818181818181,265.0,160.1818181818182,157.0,181.0,191.0,703.0,702.0,555.0,547.0,60.0,59.0,138.0,82.0,134.45454545454547,37.0
179584100,550.0,498.0,552.0909090909091,265.0,160.0909090909091,157.0,181.0,191.0,703.0,702.0,555.0,547.0,60.0,59.0,138.0,82.0,134.63636363636363,37.0
180838252,550.0,498.0,552.0,265.0,160.0,157.0,181.0,191.0,703.0,702.0,555.0,547.0,60.0,59.0,138.0,82.0,134.8181818181818,37.0
181339748,550.0,498.0,552.0,265.0,160.0,157.0,181.11111111111111,191.0,703.0,702.0,555.0,547.0,60.0,59.0,138.0,82.0,135.0,37.0
181464536,550.0,498.0,552.0,265.0,160.0,157.0,181.22222222222223,191.0,703.0,702.0,555.0,547.0,60.0,59.0,138.11111111111111,82.0,135.0,37.0
181567532,550.0,498.0,552.0,265.0,160.0,157.0,181.33333333333334,191.0,703.0,702.0,555.0,547.0,60.0,59.0,138.22222222222223,82.0,135.0,37.0
181966056,550.0,498.0,552.0,265.0,160.0,157.0,181.44444444444446,191.0,703.0,702.0,555.0,547.0,60.0,59.0,138.33333333333334,82.0,135.0,37.0
182589888,550.0,498.0,552.0,265.0,160.0,157.0,181.55555555555554,191.0,703.0,702.0,555.0,547.0,60.0,59.0,138.44444444444446,82.0,135.0,37.0
182991952,550.0,498.0,552.0,265.0,160.0,157.0,181.66666666666666,191.0,703.0,702.0,555.0,547.0,60.0,59.0,138.55555555555554,82.0,135.0,37.0
183592744,550.0,498.0,552.0,265.0,160.0,157.0,181.77777777777777,191.0,703.0,702.0,555.0,547.0,60.0,59.0,138.66666666666666,82.0,135.0,37.0
183994940,550.0,498.0,552.0,265.0,160.0,157.0,181.88888888888889,191.0,703.0,702.0,555.0,547.0,60.0,59.0,138.77777777777777,82.0,135.0,37.0
185853276,550.0,498.0,552.0,265.0,160.0,157.0,182.0,191.0,703.0,702.0,555.0,547.0,60.0,59.0,138.88888888888889,82.0,135.0,37.0
186354776,550.0,498.0,552.0,265.0,160.0,157.0,182.0,191.0,702.8888888888889,702.0,555.0,547.0,60.0,59.0,139.0,82.0,135.0,37.0
186479556,550.0,498.0,552.0,265.0,160.0,157.0,182.0,191.0,702.7777777777778,702.0,555.0,547.0,60.0,59.0,139.0,82.0,135.0,37.0
186582508,550.0,498.0,552.0,265.0,160.0,157.0,182.0,191.0,702.6666666666666,702.0,555.0,547.0,60.0,59.0,139.0,82.0,135.0,37.0
186981080,550.0,498.0,552.0,265.0,160.0,157.0,182.0,191.0,702.5555555555555,702.0,555.0,547.0,60.0,59.0,139.0,82.0,135.0,37.0
187605068,550.0,498.0,552.0,265.0,160.0,157.0,182.0,191.0,702.4444444444445,702.0,555.0,547.0,60.0,59.0,139.0,82.0,135.0,37.0
188006976,550.0,498.0,552.0,265.0,160.0,157.0,182.0,191.0,702.3333333333334,702.0,555.0,547.0,60.0,59.0,139.0,82.0,135.0,37.0
188607952,550.0,498.0,552.0,265.0,160.0,157.0,182.0,191.0,702.2222222222222,702.0,555.0,547.0,60.0,59.0,139.0,82.0,135.0,37.0
189009968,550.0,498.0,552.0,265.0,160.0,157.0,182.0,191.0,702.1111111111111,702.0,555.0,547.0,60.0,59.0,139.0,82.0,135.0,37.0
190868300,550.0,498.0,552.0,265.0,160.0,157.0,182.0,191.0,702.0,702.0,555.0,547.0,60.0,59.0,139.0,82.0,135.0,37.0
191369796,550.0,498.0,552.0,265.0,160.1,157.0,182.0,191.1,702.0,702.0,555.0,547.0,60.0,59.0,139.0,82.0,135.0,37.0
191494584,550.0,498.0,552.0,265.0,160.2,157.0,182.0,191.2,702.0,702.0,555.0,547.0,60.0,59.0,139.2,82.0,135.0,37.0
191597872,550.0,498.0,552.0,265.0,160.3,157.0,182.0,191.3,702.0,702.0,555.0,547.0,60.0,59.0,139.4,82.0,135.0,37.0
191996104,550.0,498.0,552.0,265.0,160.4,157.0,182.0,191.4,702.0,702.0,555.0,547.0,60.0,59.0,139.6,82.0,135.0,37.0
192620328,550.0,498.0,552.0,265.0,160.5,157.0,182.0,191.5,702.0,702.0,555.0,547.0,60.0,59.0,139.8,82.0,135.0,37.0
193022004,550.0,498.0,552.0,265.0,160.6,157.0,182.0,191.6,702.0,702.0,555.0,547.0,60.0,59.0,140.0,82.0,135.0,37.0
193622324,550.0,498.0,552.0,265.0,160.7,157.0,182.0,191.7,702.0,702.0,555.0,547.0,60.0,59.0,140.2,82.0,135.0,37.0
194024992,550.0,498.0,552.0,265.0,160.8,157.0,182.0,191.8,702.0,702.0,555.0,547.0,60.0,59.0,140.4,82.0,135.0,37.0
194605740,550.0,498.0,552.0,265.0,160.9,157.0,182.0,191.9,702.0,702.0,555.0,547.0,60.0,59.0,140.6,82.0,135.0,37.0
195883324,550.0,498.0,552.0,265.0,161.0,157.0,182.0,192.0,702.0,702.0,555.0,547.0,60.0,59.0,140.8,82.0,135.0,37.0
196384820,550.0,498.0,552.0,265.0,161.0,157.0,182.0,192.0,702.0,702.0,555.0,547.0,60.111111111111114,59.0,141.0,82.0,135.0,37.0
196509608,550.0,498.0,552.0,265.0,161.0,157.0,182.0,192.0,702.0,702.0,555.0,547.0,60.22222222222222,59.0,141.44444444444446,82.0,135.11111111111111,37.0
196612816,550.0,498.0,552.0,265.0,161.0,157.0,182.0,192.0,702.0,702.0,555.0,547.0,60.333333333333336,59.0,141.88888888888889,82.0,135.22222222222223,37.0
197011104,550.0,498.0,552.0,265.0,161.0,157.0,182.0,192.0,702.0,702.0,555.0,547.0,60.44444444444444,59.0,142.33333333333334,82.0,135.33333333333334,37.0
197634492,550.0,498.0,552.0,265.0,161.0,157.0,182.0,192.0,702.0,702.0,555.0,547.0,60.55555555555556,59.0,142.77777777777777,82.0,135.44444444444446,37.0
198037000,550.0,498.0,552.0,265.0,161.0,157.0,182.0,192.0,702.0,702.0,555.0,547.0,60.666666666666664,59.0,143.22222222222223,82.0,135.55555555555554,37.0
198637352,550.0,498.0,552.0,265.0,161.0,157.0,182.0,192.0,702.0,702.0,555.0,547.0,60.77777777777778,59.0,143.66666666666666,82.0,135.66666666666666,37.0
199040020,550.0,498.0,552.0,265.0,161.0,157.0,182.0,192.0,702.0,702.0,555.0,547.0,60.888888888888886,59.0,144.11111111111111,82.0,135.77777777777777,37.0
200898324,550.0,498.0,552.0,265.0,161.0,157.0,182.0,192.0,702.0,702.0,555.0,547.0,61.0,59.0,144.55555555555554,82.0,135.88888888888889,37.0
201399844,550.0,498.0,552.0,265.0,161.11111111111111,157.11111111111111,181.88888888888889,192.0,702.0,702.1111111111111,555.0,547.0,61.111111111111114,59.111111111111114,145.0,82.0,136.0,37.0
201524632,550.0,498.0,552.0,265.0,161.22222222222223,157.22222222222223,181.77777777777777,192.0,702.0,702.2222222222222,555.0,547.0,61.22222222222222,59.22222222222222,145.11111111111111,77.22222222222223,136.0,37.0
201627552,550.0,498.0,552.0,265.0,161.33333333333334,157.33333333333334,181.66666666666666,192.0,702.0,702.3333333333334,555.0,547.0,61.333333333333336,59.333333333333336,145.22222222222223,72.44444444444444,136.0,37.0
202026128,550.0,498.0,552.0,265.0,161.44444444444446,157.44444444444446,181.55555555555554,192.0,702.0,702.4444444444445,555.0,547.0,61.44444444444444,59.44444444444444,145.33333333333334,67.66666666666667,136.0,37.0
202649672,550.0,498.0,552.0,265.0,161.55555555555554,157.55555555555554,181.44444444444446,192.0,702.0,702.5555555555555,555.0,547.0,61.55555555555556,59.55555555555556,145.44444444444446,62.888888888888886,136.0,37.0
203052024,550.0,498.0,552.0,265.0,161.66666666666666,157.66666666666666,181.33333333333334,192.0,702.0,702.6666666666666,555.0,547.0,61.666666666666664,59.666666666666664,145.55555555555554,58.111111111111114,136.0,37.0
203652740,550.0,498.0,552.0,265.0,161.77777777777777,157.77777777777777,181.22222222222223,192.0,702.0,702.7777777777778,555.0,547.0,61.77777777777778,59.77777777777778,145.66666666666666,53.333333333333336,136.0,37.0
204055040,550.0,498.0,552.0,265.0,161.88888888888889,157.88888888888889,181.11111111111111,192.0,702.0,702.8888888888889,555.0,547.0,61.888888888888886,59.888888888888886,145.77777777777777,48.55555555555556,136.0,37.0
205913348,550.0,498.0,552.0,265.0,162.0,158.0,181.0,192.0,702.0,703.0,555.0,547.0,62.0,60.0,145.88888888888889,43.77777777777778,136.0,37.0
206414876,550.0,498.0,552.0,265.0,162.1,158.0,181.0,192.1,702.0,703.0,555.0,547.0,61.9,60.0,146.0,39.0,136.0,37.0
206539656,550.0,498.0,552.0,265.0,162.2,158.0,181.0,192.2,702.0,703.0,555.0,547.0,61.8,60.0,145.9,39.0,136.0,41.6
206643124,550.0,498.0,552.0,265.0,162.3,158.0,181.0,192.3,702.0,703.0,555.0,547.0,61.7,60.0,145.8,39.0,136.0,46.2
207051552,550.0,498.0,552.0,265.0,162.4,158.0,181.0,192.4,702.0,703.0,555.0,547.0,61.6,60.0,145.7,39.0,136.0,50.8
207542648,550.0,498.0,552.0,265.0,162.5,158.0,181.0,192.5,702.0,703.0,555.0,547.0,61.5,60.0,145.6,39.0,136.0,55.4
208166012,550.0,498.0,552.0,265.0,162.6,158.0,181.0,192.6,702.0,703.0,555.0,547.0,61.4,60.0,145.5,39.0,136.0,60.0
208568544,550.0,498.0,552.0,265.0,162.7,158.0,181.0,192.7,702.0,703.0,555.0,547.0,61.3,60.0,145.4,39.0,136.0,64.6
209169208,550.0,498.0,552.0,265.0,162.8,158.0,181.0,192.8,702.0,703.0,555.0,547.0,61.2,60.0,145.3,39.0,136.0,69.19999999999999
209571560,550.0,498.0,552.0,265.0,162.9,158.0,181.0,192.9,702.0,703.0,555.0,547.0,61.1,60.0,145.2,39.0,136.0,73.8
211429868,550.0,498.0,552.0,265.0,163.0,158.0,181.0,193.0,702.0,703.0,555.0,547.0,61.0,60.0,145.1,39.0,136.0,78.4
211931360,550.0,498.0,552.0,265.1111111111111,163.11111111111111,158.0,181.0,193.0,702.0,703.0,555.0,547.0,61.0,60.0,145.0,39.0,136.0,83.0
212056176,550.0,498.0,552.0,265.22222222222223,163.22222222222223,158.0,181.0,193.0,702.0,703.0,555.0,547.0,61.0,60.0,145.11111111111111,39.0,136.11111111111111,83.0
212159460,550.0,498.0,552.0,265.3333333333333,163.33333333333334,158.0,181.0,193.0,702.0,703.0,555.0,547.0,61.0,60.0,145.22222222222223,39.0,136.22222222222223,83.0
212557672,550.0,498.0,552.0,265.44444444444446,163.44444444444446,158.0,181.0,193.0,702.0,703.0,555.0,547.0,61.0,60.0,145.33333333333334,39.0,136.33333333333334,83.0
213181240,550.0,498.0,552.0,265.55555555555554,163.55555555555554,158.0,181.0,193.0,702.0,703.0,555.0,547.0,61.0,60.0,145.44444444444446,39.0,136.44444444444446,83.0
213583568,550.0,498.0,552.0,265.6666666666667,163.66666666666666,158.0,181.0,193.0,702.0,703.0,555.0,547.0,61.0,60.0,145.55555555555554,39.0,136.55555555555554,83.0
214184360,550.0,498.0,552.0,265.77777777777777,163.77777777777777,158.0,181.0,193.0,702.0,703.0,555.0,547.0,61.0,60.0,145.66666666666666,39.0,136.66666666666666,83.0
214586556,550.0,498.0,552.0,265.8888888888889,163.88888888888889,158.0,181.0,193.0,702.0,703.0,555.0,547.0,61.0,60.0,145.77777777777777,39.0,136.77777777777777,83.0
216444892,550.0,498.0,552.0,266.0,164.0,158.0,181.0,193.0,702.0,703.0,555.0,547.0,61.0,60.0,145.88888888888889,39.0,136.88888888888889,83.0
216946384,550.0,497.8888888888889,552.0,266.1111111111111,164.11111111111111,158.0,181.11111111111111,193.0,702.0,703.0,555.0,547.0,61.0,60.0,146.0,39.0,137.0,83.0
217071172,550.0,497.77777777777777,552.0,266.22222222222223,164.22222222222223,158.0,181.22222222222223,193.0,702.0,703.0,555.0,547.0,61.0,60.0,145.66666666666666,39.0,137.0,83.0
217174200,550.0,497.6666666666667,552.0,266.3333333333333,164.33333333333334,158.0,181.33333333333334,193.0,702.0,703.0,555.0,547.0,61.0,60.0,145.33333333333334,39.0,137.0,83.0
217572668,550.0,497.55555555555554,552.0,266.44444444444446,164.44444444444446,158.0,181.44444444444446,193.0,702.0,703.0,555.0,547.0,61.0,60.0,145.0,39.0,137.0,83.0
218196448,550.0,497.44444444444446,552.0,266.55555555555554,164.55555555555554,158.0,181.55555555555554,193.0,702.0,703.0,555.0,547.0,61.0,60.0,144.66666666666666,39.0,137.0,83.0
218598568,550.0,497.3333333333333,552.0,266.6666666666667,164.66666666666666,158.0,181.66666666666666,193.0,702.0,703.0,555.0,547.0,61.0,60.0,144.33333333333334,39.0,137.0,83.0
219199540,550.0,497.22222222222223,552.0,266.77777777777777,164.77777777777777,158.0,181.77777777777777,193.0,702.0,703.0,555.0,547.0,61.0,60.0,144.0,39.0,137.0,83.0
219601556,550.0,497.1111111111111,552.0,266.8888888888889,164.88888888888889,158.0,181.88888888888889,193.0,702.0,703.0,555.0,547.0,61.0,60.0,143.66666666666666,39.0,137.0,83.0
221459864,550.0,497.0,552.0,267.0,165.0,158.0,182.0,193.0,702.0,703.0,555.0,547.0,61.0,60.0,143.33333333333334,39.0,137.0,83.0
221961360,550.0,497.0,552.0,267.09090909090907,165.0,158.0909090909091,182.0909090909091,193.0,701.9090909090909,703.0,555.0,547.0,61.0,60.0,143.0,39.0,137.0,83.0
222086172,550.0,497.0,552.0,267.1818181818182,165.0,158.1818181818182,182.1818181818182,193.0,701.8181818181819,703.0,555.0,547.0,61.0,60.0,142.9090909090909,39.0,137.0,83.0
222189536,550.0,497.0,552.0,267.27272727272725,165.0,158.27272727272728,182.27272727272728,193.0,701.7272727272727,703.0,555.0,547.0,61.0,60.0,142.8181818181818,39.0,137.0,83.0
222598068,550.0,497.0,552.0,267.3636363636364,165.0,158.36363636363637,182.36363636363637,193.0,701.6363636363636,703.0,555.0,547.0,61.0,60.0,142.72727272727272,39.0,137.0,83.0
223089164,550.0,497.0,552.0,267.45454545454544,165.0,158.45454545454547,182.45454545454547,193.0,701.5454545454545,703.0,555.0,547.0,61.0,60.0,142.63636363636363,39.0,137.0,83.0
223712732,550.0,497.0,552.0,267.54545454545456,165.0,158.54545454545453,182.54545454545453,193.0,701.4545454545455,703.0,555.0,547.0,61.0,60.0,142.54545454545453,39.0,137.0,83.0
224115060,550.0,497.0,552.0,267.6363636363636,165.0,158.63636363636363,182.63636363636363,193.0,701.3636363636364,703.0,555.0,547.0,61.0,60.0,142.45454545454547,39.0,137.0,83.0
224715124,550.0,497.0,552.0,267.72727272727275,165.0,158.72727272727272,182.72727272727272,193.0,701.2727272727273,703.0,555.0,547.0,61.0,60.0,142.36363636363637,39.0,137.0,83.0
225118048,550.0,497.0,552.0,267.8181818181818,165.0,158.8181818181818,182.8181818181818,193.0,701.1818181818181,703.0,555.0,547.0,61.0,60.0,142.27272727272728,39.0,137.0,83.0
225704248,550.0,497.0,552.0,267.90909090909093,165.0,158.9090909090909,182.9090909090909,193.0,701.0909090909091,703.0,555.0,547.0,61.0,60.0,142.1818181818182,39.0,137.0,83.0
226976356,550.0,497.0,552.0,268.0,165.0,159.0,183.0,193.0,701.0,703.0,555.0,547.0,61.0,60.0,142.0909090909091,39.0,137.0,83.0
227477852,550.0,497.0,552.0,268.0,165.0,159.0,183.11111111111111,193.0,701.0,703.0,555.0,547.0,60.888888888888886,59.888888888888886,142.0,39.0,137.0,83.0
227602668,550.0,497.0,552.0,268.0,165.0,159.0,183.22222222222223,193.0,701.0,703.0,555.0,547.0,60.77777777777778,59.77777777777778,141.44444444444446,39.0,136.66666666666666,83.0
227705848,550.0,497.0,552.0,268.0,165.0,159.0,183.33333333333334,193.0,701.0,703.0,555.0,547.0,60.666666666666664,59.666666666666664,140.88888888888889,39.0,136.33333333333334,83.0
228104160,550.0,497.0,552.0,268.0,165.0,159.0,183.44444444444446,193.0,701.0,703.0,555.0,547.0,60.55555555555556,59.55555555555556,140.33333333333334,39.0,136.0,83.0
228727888,550.0,497.0,552.0,268.0,165.0,159.0,183.55555555555554,193.0,701.0,703.0,555.0,547.0,60.44444444444444,59.44444444444444,139.77777777777777,39.0,135.66666666666666,83.0
229130032,550.0,497.0,552.0,268.0,165.0,159.0,183.66666666666666,193.0,701.0,703.0,555.0,547.0,60.333333333333336,59.333333333333336,139.22222222222223,39.0,135.33333333333334,83.0
229730512,550.0,497.0,552.0,268.0,165.0,159.0,183.77777777777777,193.0,701.0,703.0,555.0,547.0,60.22222222222222,59.22222222222222,138.66666666666666,39.0,135.0,83.0
230133048,550.0,497.0,552.0,268.0,165.0,159.0,183.88888888888889,193.0,701.0,703.0,555.0,547.0,60.111111111111114,59.111111111111114,138.11111111111111,39.0,134.66666666666666,83.0
231991360,550.0,497.0,552.0,268.0,165.0,159.0,184.0,193.0,701.0,703.0,555.0,547.0,60.0,59.0,137.55555555555554,39.0,134.33333333333334,83.0
232492852,550.0,497.0,552.0,268.0,164.88888888888889,159.0,184.22222222222223,193.0,701.0,703.0,555.0,547.0,60.0,59.0,137.0,39.0,134.0,83.0
232617636,550.0,497.0,552.0,268.0,164.77777777777777,159.0,184.44444444444446,193.0,701.0,703.0,555.0,547.0,60.0,59.0,136.88888888888889,39.0,133.88888888888889,80.22222222222223
232720768,550.0,497.0,552.0,268.0,164.66666666666666,159.0,184.66666666666666,193.0,701.0,703.0,555.0,547.0,60.0,59.0,136.77777777777777,39.0,133.77777777777777,77.44444444444444
233119132,550.0,497.0,552.0,268.0,164.55555555555554,159.0,184.88888888888889,193.0,701.0,703.0,555.0,547.0,60.0,59.0,136.66666666666666,39.0,133.66666666666666,74.66666666666667
233743120,550.0,497.0,552.0,268.0,164.44444444444446,159.0,185.11111111111111,193.0,701.0,703.0,555.0,547.0,60.0,59.0,136.55555555555554,39.0,133.55555555555554,71.88888888888889
234145032,550.0,497.0,552.0,268.0,164.33333333333334,159.0,185.33333333333334,193.0,701.0,703.0,555.0,547.0,60.0,59.0,136.44444444444446,39.0,133.44444444444446,69.11111111111111
234745484,550.0,497.0,552.0,268.0,164.22222222222223,159.0,185.55555555555554,193.0,701.0,703.0,555.0,547.0,60.0,59.0,136.33333333333334,39.0,133.33333333333334,66.33333333333334
235148044,550.0,497.0,552.0,268.0,164.11111111111111,159.0,185.77777777777777,193.0,701.0,703.0,555.0,547.0,60.0,59.0,136.22222222222223,39.0,133.22222222222223,63.55555555555556
237006328,550.0,497.0,552.0,268.0,164.0,159.0,186.0,193.0,701.0,703.0,555.0,547.0,60.0,59.0,136.11111111111111,39.0,133.11111111111111,60.77777777777778
237507848,550.0,497.0,552.0,268.0,163.88888888888889,158.88888888888889,186.11111111111111,193.0,701.0,703.0,554.8888888888889,546.8888888888889,60.0,59.0,136.0,39.0,133.0,58.0
237632644,550.0,497.0,552.0,268.0,163.77777777777777,158.77777777777777,186.22222222222223,193.0,701.0,703.0,554.7777777777778,546.7777777777778,60.0,59.0,136.0,39.0,133.0,58.0
237736312,550.0,497.0,552.0,268.0,163.66666666666666,158.66666666666666,186.33333333333334,193.0,701.0,703.0,554.6666666666666,546.6666666666666,60.0,59.0,136.0,39.0,133.0,58.0
238134132,550.0,497.0,552.0,268.0,163.55555555555554,158.55555555555554,186.44444444444446,193.0,701.0,703.0,554.5555555555555,546.5555555555555,60.0,59.0,136.0,39.0,133.0,58.0
238758276,550.0,497.0,552.0,268.0,163.44444444444446,158.44444444444446,186.55555555555554,193.0,701.0,703.0,554.4444444444445,546.4444444444445,60.0,59.0,136.0,39.0,133.0,58.0
239160028,550.0,497.0,552.0,268.0,163.33333333333334,158.33333333333334,186.66666666666666,193.0,701.0,703.0,554.3333333333334,546.3333333333334,60.0,59.0,136.0,39.0,133.0,58.0
239760876,550.0,497.0,552.0,268.0,163.22222222222223,158.22222222222223,186.77777777777777,193.0,701.0,703.0,554.2222222222222,546.2222222222222,60.0,59.0,136.0,39.0,133.0,58.0
240163044,550.0,497.0,552.0,268.0,163.11111111111111,158.11111111111111,186.88888888888889,193.0,701.0,703.0,554.1111111111111,546.1111111111111,60.0,59.0,136.0,39.0,133.0,58.0
242021328,550.0,497.0,552.0,268.0,163.0,158.0,187.0,193.0,701.0,703.0,554.0,546.0,60.0,59.0,136.0,39.0,133.0,58.0
242522848,550.0,497.0,551.9090909090909,267.90909090909093,162.9090909090909,158.0,187.0909090909091,193.0,701.0,703.0,554.0,546.0,60.0,59.0,136.0,39.0,133.0,58.0
242647632,550.0,497.0,551.8181818181819,267.8181818181818,162.8181818181818,158.0,187.1818181818182,193.0,701.0,703.0,554.0,546.0,60.0,59.0,136.0909090909091,39.0,132.9090909090909,58.0
242750816,550.0,497.0,551.7272727272727,267.72727272727275,162.72727272727272,158.0,187.27272727272728,193.0,701.0,703.0,554.0,546.0,60.0,59.0,136.1818181818182,39.0,132.8181818181818,58.0
243159528,550.0,497.0,551.6363636363636,267.6363636363636,162.63636363636363,158.0,187.36363636363637,193.0,701.0,703.0,554.0,546.0,60.0,59.0,136.27272727272728,39.0,132.72727272727272,58.0
243650624,550.0,497.0,551.5454545454545,267.54545454545456,162.54545454545453,158.0,187.45454545454547,193.0,701.0,703.0,554.0,546.0,60.0,59.0,136.36363636363637,39.0,132.63636363636363,58.0
244274560,550.0,497.0,551.4545454545455,267.45454545454544,162.45454545454547,158.0,187.54545454545453,193.0,701.0,703.0,554.0,546.0,60.0,59.0,136.45454545454547,39.0,132.54545454545453,58.0
244676524,550.0,497.0,551.3636363636364,267.3636363636364,162.36363636363637,158.0,187.63636363636363,193.0,701.0,703.0,554.0,546.0,60.0,59.0,136.54545454545453,39.0,132.45454545454547,58.0
245277340,550.0,497.0,551.2727272727273,267.27272727272725,162.27272727272728,158.0,187.72727272727272,193.0,701.0,703.0,554.0,546.0,60.0,59.0,136.63636363636363,39.0,132.36363636363637,58.0
245679536,550.0,497.0,551.1818181818181,267.1818181818182,162.1818181818182,158.0,187.8181818181818,193.0,701.0,703.0,554.0,546.0,60.0,59.0,136.72727272727272,39.0,132.27272727272728,58.0
246277516,550.0,497.0,551.0909090909091,267.09090909090907,162.0909090909091,158.0,187.9090909090909,193.0,701.0,703.0,554.0,546.0,60.0,59.0,136.8181818181818,39.0,132.1818181818182,58.0
247537844,550.0,497.0,551.0,267.0,162.0,158.0,188.0,193.0,701.0,703.0,554.0,546.0,60.0,59.0,136.9090909090909,39.0,132.0909090909091,58.0
248039340,550.0,497.0,551.0,267.1111111111111,161.88888888888889,157.88888888888889,188.0,193.0,701.0,702.8888888888889,554.0,546.0,59.888888888888886,59.0,137.0,39.0,132.0,58.0
248164128,550.0,497.0,551.0,267.22222222222223,161.77777777777777,157.77777777777777,188.0,193.0,701.0,702.7777777777778,554.0,546.0,59.77777777777778,59.0,136.88888888888889,39.0,132.0,58.0
248267152,550.0,497.0,551.0,267.3333333333333,161.66666666666666,157.66666666666666,188.0,193.0,701.0,702.6666666666666,554.0,546.0,59.666666666666664,59.0,136.77777777777777,39.0,132.0,58.0
248665648,550.0,497.0,551.0,267.44444444444446,161.55555555555554,157.55555555555554,188.0,193.0,701.0,702.5555555555555,554.0,546.0,59.55555555555556,59.0,136.66666666666666,39.0,132.0,58.0
249289796,550.0,497.0,551.0,267.55555555555554,161.44444444444446,157.44444444444446,188.0,193.0,701.0,702.4444444444445,554.0,546.0,59.44444444444444,59.0,136.55555555555554,39.0,132.0,58.0
249691520,550.0,497.0,551.0,267.6666666666667,161.33333333333334,157.33333333333334,188.0,193.0,701.0,702.3333333333334,554.0,546.0,59.333333333333336,59.0,136.44444444444446,39.0,132.0,58.0
250292468,550.0,497.0,551.0,267.77777777777777,161.22222222222223,157.22222222222223,188.0,193.0,701.0,702.2222222222222,554.0,546.0,59.22222222222222,59.0,136.33333333333334,39.0,132.0,58.0
250694536,550.0,497.0,551.0,267.8888888888889,161.11111111111111,157.11111111111111,188.0,193.0,701.0,702.1111111111111,554.0,546.0,59.111111111111114,59.0,136.22222222222223,39.0,132.0,58.0
252552844,550.0,497.0,551.0,268.0,161.0,157.0,188.0,193.0,701.0,702.0,554.0,546.0,59.0,59.0,136.11111111111111,39.0,132.0,58.0
253054364,550.0,497.1,551.0,267.9,160.9,157.0,187.9,192.8,701.0,702.1,554.0,546.0,59.0,58.9,136.0,39.0,132.0,58.0
253179124,550.0,497.2,551.0,267.8,160.8,157.0,187.8,192.6,701.0,702.2,554.0,546.0,59.0,58.8,135.8,39.0,131.8,58.0
253282072,550.0,497.3,551.0,267.7,160.7,157.0,187.7,192.4,701.0,702.3,554.0,546.0,59.0,58.7,135.6,39.0,131.6,58.0
253691048,550.0,497.4,551.0,267.6,160.6,157.0,187.6,192.2,701.0,702.4,554.0,546.0,59.0,58.6,135.4,39.0,131.4,58.0
254182140,550.0,497.5,551.0,267.5,160.5,157.0,187.5,192.0,701.0,702.5,554.0,546.0,59.0,58.5,135.2,39.0,131.2,58.0
254806104,550.0,497.6,551.0,267.4,160.4,157.0,187.4,191.8,701.0,702.6,554.0,546.0,59.0,58.4,135.0,39.0,131.0,58.0
255208040,550.0,497.7,551.0,267.3,160.3,157.0,187.3,191.6,701.0,702.7,554.0,546.0,59.0,58.3,134.8,39.0,130.8,58.0
255809120,550.0,497.8,551.0,267.2,160.2,157.0,187.2,191.4,701.0,702.8,554.0,546.0,59.0,58.2,134.6,39.0,130.6,58.0
256211032,550.0,497.9,551.0,267.1,160.1,157.0,187.1,191.2,701.0,702.9,554.0,546.0,59.0,58.1,134.4,39.0,130.4,58.0
258069364,550.0,498.0,551.0,267.0,160.0,157.0,187.0,191.0,701.0,703.0,554.0,546.0,59.0,58.0,134.2,39.0,130.2,58.0
258570856,550.0,498.0,551.0,267.0,159.88888888888889,156.88888888888889,186.88888888888889,190.88888888888889,701.0,703.0,554.0,546.0,59.0,58.0,134.0,39.0,130.0,58.0
258695644,550.0,498.0,551.0,267.0,159.77777777777777,156.77777777777777,186.77777777777777,190.77777777777777,701.0,703.0,554.0,546.0,59.0,58.0,134.22222222222223,39.0,130.11111111111111,58.0
258798828,550.0,498.0,551.0,267.0,159.66666666666666,156.66666666666666,186.66666666666666,190.66666666666666,701.0,703.0,554.0,546.0,59.0,58.0,134.44444444444446,39.0,130.22222222222223,58.0
259197140,550.0,498.0,551.0,267.0,159.55555555555554,156.55555555555554,186.55555555555554,190.55555555555554,701.0,703.0,554.0,546.0,59.0,58.0,134.66666666666666,39.0,130.33333333333334,58.0
259821284,550.0,498.0,551.0,267.0,159.44444444444446,156.44444444444446,186.44444444444446,190.44444444444446,701.0,703.0,554.0,546.0,59.0,58.0,134.88888888888889,39.0,130.44444444444446,58.0
260223040,550.0,498.0,551.0,267.0,159.33333333333334,156.33333333333334,186.33333333333334,190.33333333333334,701.0,703.0,554.0,546.0,59.0,58.0,135.11111111111111,39.0,130.55555555555554,58.0
260823284,550.0,498.0,551.0,267.0,159.22222222222223,156.22222222222223,186.22222222222223,190.22222222222223,701.0,703.0,554.0,546.0,59.0,58.0,135.33333333333334,39.0,130.66666666666666,58.0
261226056,550.0,498.0,551.0,267.0,159.11111111111111,156.11111111111111,186.11111111111111,190.11111111111111,701.0,703.0,554.0,546.0,59.0,58.0,135.55555555555554,39.0,130.77777777777777,58.0
263084360,550.0,498.0,551.0,267.0,159.0,156.0,186.0,190.0,701.0,703.0,554.0,546.0,59.0,58.0,135.77777777777777,39.0,130.88888888888889,58.0
263585856,550.0,498.1,551.1,267.0,159.0,156.0,185.8,189.9,701.0,703.0,554.0,546.1,59.0,58.1,136.0,39.0,131.0,58.0
263710644,550.0,498.2,551.2,267.0,159.0,156.0,185.6,189.8,701.0,703.0,554.0,546.2,59.0,58.2,136.0,39.0,131.1,58.2
263813748,550.0,498.3,551.3,267.0,159.0,156.0,185.4,189.7,701.0,703.0,554.0,546.3,59.0,58.3,136.0,39.0,131.2,58.4
264222564,550.0,498.4,551.4,267.0,159.0,156.0,185.2,189.6,701.0,703.0,554.0,546.4,59.0,58.4,136.0,39.0,131.3,58.6
264713660,550.0,498.5,551.5,267.0,159.0,156.0,185.0,189.5,701.0,703.0,554.0,546.5,59.0,58.5,136.0,39.0,131.4,58.8
265337596,550.0,498.6,551.6,267.0,159.0,156.0,184.8,189.4,701.0,703.0,554.0,546.6,59.0,58.6,136.0,39.0,131.5,59.0
265739556,550.0,498.7,551.7,267.0,159.0,156.0,184.6,189.3,701.0,703.0,554.0,546.7,59.0,58.7,136.0,39.0,131.6,59.2
266339908,550.0,498.8,551.8,267.0,159.0,156.0,184.4,189.2,701.0,703.0,554.0,546.8,59.0,58.8,136.0,39.0,131.7,59.4
266742544,550.0,498.9,551.9,267.0,159.0,156.0,184.2,189.1,701.0,703.0,554.0,546.9,59.0,58.9,136.0,39.0,131.8,59.6
268600852,550.0,499.0,552.0,267.0,159.0,156.0,184.0,189.0,701.0,703.0,554.0,547.0,59.0,59.0,136.0,39.0,131.9,59.8
269102376,550.0,499.0,552.0,267.0,159.0,156.0,183.9,188.8,701.0,703.0,554.0,547.0,59.0,59.0,136.0,39.0,132.0,60.0
269227164,550.0,499.0,552.0,267.0,159.0,156.0,183.8,188.6,701.0,703.0,554.0,547.0,59.0,59.0,135.9,39.0,131.9,60.0
269330084,550.0,499.0,552.0,267.0,159.0,156.0,183.7,188.4,701.0,703.0,554.0,547.0,59.0,59.0,135.8,39.0,131.8,60.0
269728656,550.0,499.0,552.0,267.0,159.0,156.0,183.6,188.2,701.0,703.0,554.0,547.0,59.0,59.0,135.7,39.0,131.7,60.0
270352748,550.0,499.0,552.0,267.0,159.0,156.0,183.5,188.0,701.0,703.0,554.0,547.0,59.0,59.0,135.6,39.0,131.6,60.0
270754556,550.0,499.0,552.0,267.0,159.0,156.0,183.4,187.8,701.0,703.0,554.0,547.0,59.0,59.0,135.5,39.0,131.5,60.0
271355088,550.0,499.0,552.0,267.0,159.0,156.0,183.3,187.6,701.0,703.0,554.0,547.0,59.0,59.0,135.4,39.0,131.4,60.0
271757544,550.0,499.0,552.0,267.0,159.0,156.0,183.2,187.4,701.0,703.0,554.0,547.0,59.0,59.0,135.3,39.0,131.3,60.0
272393576,550.0,499.0,552.0,267.0,159.0,156.0,183.1,187.2,701.0,703.0,554.0,547.0,59.0,59.0,135.2,39.0,131.2,60.0
273615880,550.0,499.0,552.0,267.0,159.0,156.0,183.0,187.0,701.0,703.0,554.0,547.0,59.0,59.0,135.1,39.0,131.1,60.0
274117376,550.0,499.0,552.0,267.0,158.88888888888889,156.0,182.77777777777777,186.77777777777777,701.0,703.0,554.0,547.0,59.0,59.0,135.0,39.0,131.0,60.0
274242160,550.0,499.0,552.0,267.0,158.77777777777777,156.0,182.55555555555554,186.55555555555554,701.0,703.0,554.0,547.0,59.0,59.0,134.88888888888889,39.0,131.0,60.0
274345448,550.0,499.0,552.0,267.0,158.66666666666666,156.0,182.33333333333334,186.33333333333334,701.0,703.0,554.0,547.0,59.0,59.0,134.77777777777777,39.0,131.0,60.0
274743656,550.0,499.0,552.0,267.0,158.55555555555554,156.0,182.11111111111111,186.11111111111111,701.0,703.0,554.0,547.0,59.0,59.0,134.66666666666666,39.0,131.0,60.0
275366940,550.0,499.0,552.0,267.0,158.44444444444446,156.0,181.88888888888889,185.88888888888889,701.0,703.0,554.0,547.0,59.0,59.0,134.55555555555554,39.0,131.0,60.0
275769552,550.0,499.0,552.0,267.0,158.33333333333334,156.0,181.66666666666666,185.66666666666666,701.0,703.0,554.0,547.0,59.0,59.0,134.44444444444446,39.0,131.0,60.0
276370296,550.0,499.0,552.0,267.0,158.22222222222223,156.0,181.44444444444446,185.44444444444446,701.0,703.0,554.0,547.0,59.0,59.0,134.33333333333334,39.0,131.0,60.0
276772568,550.0,499.0,552.0,267.0,158.11111111111111,156.0,181.22222222222223,185.22222222222223,701.0,703.0,554.0,547.0,59.0,59.0,134.22222222222223,39.0,131.0,60.0
278630876,550.0,499.0,552.0,267.0,158.0,156.0,181.0,185.0,701.0,703.0,554.0,547.0,59.0,59.0,134.11111111111111,39.0,131.0,60.0
279132372,550.0,499.0,552.0,266.90909090909093,158.0,155.9090909090909,180.8181818181818,184.9090909090909,701.0,703.0,554.0,547.0,59.0,59.0,134.0,39.0,131.0,60.0
279257160,550.0,499.0,552.0,266.8181818181818,158.0,155.8181818181818,180.63636363636363,184.8181818181818,701.0,703.0,554.0,547.0,59.0,59.0,133.9090909090909,39.0,131.0,60.0
279360368,550.0,499.0,552.0,266.72727272727275,158.0,155.72727272727272,180.45454545454547,184.72727272727272,701.0,703.0,554.0,547.0,59.0,59.0,133.8181818181818,39.0,131.0,60.0
279769080,550.0,499.0,552.0,266.6363636363636,158.0,155.63636363636363,180.27272727272728,184.63636363636363,701.0,703.0,554.0,547.0,59.0,59.0,133.72727272727272,39.0,131.0,60.0
280260176,550.0,499.0,552.0,266.54545454545456,158.0,155.54545454545453,180.0909090909091,184.54545454545453,701.0,703.0,554.0,547.0,59.0,59.0,133.63636363636363,39.0,131.0,60.0
280884292,550.0,499.0,552.0,266.45454545454544,158.0,155.45454545454547,179.9090909090909,184.45454545454547,701.0,703.0,554.0,547.0,59.0,59.0,133.54545454545453,39.0,131.0,60.0
281286072,550.0,499.0,552.0,266.3636363636364,158.0,155.36363636363637,179.72727272727272,184.36363636363637,701.0,703.0,554.0,547.0,59.0,59.0,133.45454545454547,39.0,131.0,60.0
281886916,550.0,499.0,552.0,266.27272727272725,158.0,155.27272727272728,179.54545454545453,184.27272727272728,701.0,703.0,554.0,547.0,59.0,59.0,133.36363636363637,39.0,131.0,60.0
282289064,550.0,499.0,552.0,266.1818181818182,158.0,155.1818181818182,179.36363636363637,184.1818181818182,701.0,703.0,554.0,547.0,59.0,59.0,133.27272727272728,39.0,131.0,60.0
282921340,550.0,499.0,552.0,266.09090909090907,158.0,155.0909090909091,179.1818181818182,184.0909090909091,701.0,703.0,554.0,547.0,59.0,59.0,133.1818181818182,39.0,131.0,60.0
284147396,550.0,499.0,552.0,266.0,158.0,155.0,179.0,184.0,701.0,703.0,554.0,547.0,59.0,59.0,133.0909090909091,39.0,131.0,60.0
284648892,550.0,499.0,552.1111111111111,266.0,158.0,155.0,178.88888888888889,183.88888888888889,701.0,703.0,554.1111111111111,547.0,59.0,59.0,133.0,39.0,131.0,60.0
284773680,550.0,499.0,552.2222222222222,266.0,158.0,155.0,178.77777777777777,183.77777777777777,701.0,703.0,554.2222222222222,547.0,59.0,59.0,132.88888888888889,39.0,131.11111111111111,60.0
284876704,550.0,499.0,552.3333333333334,266.0,158.0,155.0,178.66666666666666,183.66666666666666,701.0,703.0,554.3333333333334,547.0,59.0,59.0,132.77777777777777,39.0,131.22222222222223,60.0
285275176,550.0,499.0,552.4444444444445,266.0,158.0,155.0,178.55555555555554,183.55555555555554,701.0,703.0,554.4444444444445,547.0,59.0,59.0,132.66666666666666,39.0,131.33333333333334,60.0
285898432,550.0,499.0,552.5555555555555,266.0,158.0,155.0,178.44444444444446,183.44444444444446,701.0,703.0,554.5555555555555,547.0,59.0,59.0,132.55555555555554,39.0,131.44444444444446,60.0
286301072,550.0,499.0,552.6666666666666,266.0,158.0,155.0,178.33333333333334,183.33333333333334,701.0,703.0,554.6666666666666,547.0,59.0,59.0,132.44444444444446,39.0,131.55555555555554,60.0
286902124,550.0,499.0,552.7777777777778,266.0,158.0,155.0,178.22222222222223,183.22222222222223,701.0,703.0,554.7777777777778,547.0,59.0,59.0,132.33333333333334,39.0,131.66666666666666,60.0
287304084,550.0,499.0,552.8888888888889,266.0,158.0,155.0,178.11111111111111,183.11111111111111,701.0,703.0,554.8888888888889,547.0,59.0,59.0,132.22222222222223,39.0,131.77777777777777,60.0
289162396,550.0,499.0,553.0,266.0,158.0,155.0,178.0,183.0,701.0,703.0,555.0,547.0,59.0,59.0,132.11111111111111,39.0,131.88888888888889,60.0
289663888,550.0,499.0,553.0,265.8888888888889,157.88888888888889,155.0,177.77777777777777,182.88888888888889,701.0,703.0,554.8888888888889,547.0,59.0,59.0,132.0,39.0,132.0,60.0
289788704,550.0,499.0,553.0,265.77777777777777,157.77777777777777,155.0,177.55555555555554,182.77777777777777,701.0,703.0,554.7777777777778,547.0,59.0,59.0,132.11111111111111,39.0,132.11111111111111,60.0
289892068,550.0,499.0,553.0,265.6666666666667,157.66666666666666,155.0,177.33333333333334,182.66666666666666,701.0,703.0,554.6666666666666,547.0,59.0,59.0,132.22222222222223,39.0,132.22222222222223,60.0
290290196,550.0,499.0,553.0,265.55555555555554,157.55555555555554,155.0,177.11111111111111,182.55555555555554,701.0,703.0,554.5555555555555,547.0,59.0,59.0,132.33333333333334,39.0,132.33333333333334,60.0
290913588,550.0,499.0,553.0,265.44444444444446,157.44444444444446,155.0,176.88888888888889,182.44444444444446,701.0,703.0,554.4444444444445,547.0,59.0,59.0,132.44444444444446,39.0,132.44444444444446,60.0
291316096,550.0,499.0,553.0,265.3333333333333,157.33333333333334,155.0,176.66666666666666,182.33333333333334,701.0,703.0,554.3333333333334,547.0,59.0,59.0,132.55555555555554,39.0,132.55555555555554,60.0
291916496,550.0,499.0,553.0,265.22222222222223,157.22222222222223,155.0,176.44444444444446,182.22222222222223,701.0,703.0,554.2222222222222,547.0,59.0,59.0,132.66666666666666,39.0,132.66666666666666,60.0
292319084,550.0,499.0,553.0,265.1111111111111,157.11111111111111,155.0,176.22222222222223,182.11111111111111,701.0,703.0,554.1111111111111,547.0,59.0,59.0,132.77777777777777,39.0,132.77777777777777,60.0
294177392,550.0,499.0,553.0,265.0,157.0,155.0,176.0,182.0,701.0,703.0,554.0,547.0,59.0,59.0,132.88888888888889,39.0,132.88888888888889,60.0
294678888,550.0,499.1111111111111,553.0,265.0,156.88888888888889,155.0,175.88888888888889,181.88888888888889,701.0,702.8888888888889,554.1111111111111,547.1111111111111,59.0,59.0,133.0,39.0,133.0,60.0
294803700,550.0,499.22222222222223,553.0,265.0,156.77777777777777,155.0,175.77777777777777,181.77777777777777,701.0,702.7777777777778,554.2222222222222,547.2222222222222,59.0,59.0,132.88888888888889,39.0,132.88888888888889,60.0
294906776,550.0,499.3333333333333,553.0,265.0,156.66666666666666,155.0,175.66666666666666,181.66666666666666,701.0,702.6666666666666,554.3333333333334,547.3333333333334,59.0,59.0,132.77777777777777,39.0,132.77777777777777,60.0
295305196,550.0,499.44444444444446,553.0,265.0,156.55555555555554,155.0,175.55555555555554,181.55555555555554,701.0,702.5555555555555,554.4444444444445,547.4444444444445,59.0,59.0,132.66666666666666,39.0,132.66666666666666,60.0
295928820,550.0,499.55555555555554,553.0,265.0,156.44444444444446,155.0,175.44444444444446,181.44444444444446,701.0,702.4444444444445,554.5555555555555,547.5555555555555,59.0,59.0,132.55555555555554,39.0,132.55555555555554,60.0
296331096,550.0,499.6666666666667,553.0,265.0,156.33333333333334,155.0,175.33333333333334,181.33333333333334,701.0,702.3333333333334,554.6666666666666,547.6666666666666,59.0,59.0,132.44444444444446,39.0,132.44444444444446,60.0
296931468,550.0,499.77777777777777,553.0,265.0,156.22222222222223,155.0,175.22222222222223,181.22222222222223,701.0,702.2222222222222,554.7777777777778,547.7777777777778,59.0,59.0,132.33333333333334,39.0,132.33333333333334,60.0
297334084,550.0,499.8888888888889,553.0,265.0,156.11111111111111,155.0,175.11111111111111,181.11111111111111,701.0,702.1111111111111,554.8888888888889,547.8888888888889,59.0,59.0,132.22222222222223,39.0,132.22222222222223,60.0
299192416,550.0,500.0,553.0,265.0,156.0,155.0,175.0,181.0,701.0,702.0,555.0,548.0,59.0,59.0,132.11111111111111,39.0,132.11111111111111,60.0
299693888,550.0,500.0,553.0,264.8888888888889,156.0,155.0,174.88888888888889,181.0,701.0,702.0,555.0,548.0,59.0,59.0,132.0,39.0,132.0,60.0
299818700,550.0,500.0,553.0,264.77777777777777,156.0,155.0,174.77777777777777,181.0,701.0,702.0,555.0,548.0,59.0,59.0,131.88888888888889,39.0,131.88888888888889,60.0
299921724,550.0,500.0,553.0,264.6666666666667,156.0,155.0,174.66666666666666,181.0,701.0,702.0,555.0,548.0,59.0,59.0,131.77777777777777,39.0,131.77777777777777,60.0
300320192,550.0,500.0,553.0,264.55555555555554,156.0,155.0,174.55555555555554,181.0,701.0,702.0,555.0,548.0,59.0,59.0,131.66666666666666,39.0,131.66666666666666,60.0
300944000,550.0,500.0,553.0,264.44444444444446,156.0,155.0,174.44444444444446,181.0,701.0,702.0,555.0,548.0,59.0,59.0,131.55555555555554,39.0,131.55555555555554,60.0
301346092,550.0,500.0,553.0,264.3333333333333,156.0,155.0,174.33333333333334,181.0,701.0,702.0,555.0,548.0,59.0,59.0,131.44444444444446,39.0,131.44444444444446,60.0
301946888,550.0,500.0,553.0,264.22222222222223,156.0,155.0,174.22222222222223,181.0,701.0,702.0,555.0,548.0,59.0,59.0,131.33333333333334,39.0,131.33333333333334,60.0
302349084,550.0,500.0,553.0,264.1111111111111,156.0,155.0,174.11111111111111,181.0,701.0,702.0,555.0,548.0,59.0,59.0,131.22222222222223,39.0,131.22222222222223,60.0
304207416,550.0,500.0,553.0,264.0,156.0,155.0,174.0,181.0,701.0,702.0,555.0,548.0,59.0,59.0,131.11111111111111,39.0,131.11111111111111,60.0
304708912,550.0,500.0,553.0,263.8888888888889,156.0,155.0,174.0,181.0,701.0,702.0,555.0,548.0,59.0,58.888888888888886,131.0,39.0,131.0,60.0
304833700,550.0,500.0,553.0,263.77777777777777,156.0,155.0,174.0,181.0,701.0,702.0,555.0,548.0,59.0,58.77777777777778,131.33333333333334,39.0,130.88888888888889,60.0
304937060,550.0,500.0,553.0,263.6666666666667,156.0,155.0,174.0,181.0,701.0,702.0,555.0,548.0,59.0,58.666666666666664,131.66666666666666,39.0,130.77777777777777,60.0
305335220,550.0,500.0,553.0,263.55555555555554,156.0,155.0,174.0,181.0,701.0,702.0,555.0,548.0,59.0,58.55555555555556,132.0,39.0,130.66666666666666,60.0
305959208,550.0,500.0,553.0,263.44444444444446,156.0,155.0,174.0,181.0,701.0,702.0,555.0,548.0,59.0,58.44444444444444,132.33333333333334,39.0,130.55555555555554,60.0
306361092,550.0,500.0,553.0,263.3333333333333,156.0,155.0,174.0,181.0,701.0,702.0,555.0,548.0,59.0,58.333333333333336,132.66666666666666,39.0,130.44444444444446,60.0
306961884,550.0,500.0,553.0,263.22222222222223,156.0,155.0,174.0,181.0,701.0,702.0,555.0,548.0,59.0,58.22222222222222,133.0,39.0,130.33333333333334,60.0
307364108,550.0,500.0,553.0,263.1111111111111,156.0,155.0,174.0,181.0,701.0,702.0,555.0,548.0,59.0,58.111111111111114,133.33333333333334,39.0,130.22222222222223,60.0
309222420,550.0,500.0,553.0,263.0,156.0,155.0,174.0,181.0,701.0,702.0,555.0,548.0,59.0,58.0,133.66666666666666,39.0,130.11111111111111,60.0
309723908,550.0,500.0,553.0,263.0,156.0,155.0,174.0,181.0,701.0,702.0,555.0,548.0,59.0,58.0,134.0,39.0,130.0,60.0
309848696,550.0,500.0,553.0,263.0,156.0,155.0,174.0,181.0,701.0,702.0,555.0,548.0,59.0,58.0,133.9,39.0,130.0,60.0
309952008,550.0,500.0,553.0,263.0,156.0,155.0,174.0,181.0,701.0,702.0,555.0,548.0,59.0,58.0,133.8,39.0,130.0,60.0
310350216,550.0,500.0,553.0,263.0,156.0,155.0,174.0,181.0,701.0,702.0,555.0,548.0,59.0,58.0,133.7,39.0,130.0,60.0
310974388,550.0,500.0,553.0,263.0,156.0,155.0,174.0,181.0,701.0,702.0,555.0,548.0,59.0,58.0,133.6,39.0,130.0,60.0
311376116,550.0,500.0,553.0,263.0,156.0,155.0,174.0,181.0,701.0,702.0,555.0,548.0,59.0,58.0,133.5,39.0,130.0,60.0
311977096,550.0,500.0,553.0,263.0,156.0,155.0,174.0,181.0,701.0,702.0,555.0,548.0,59.0,58.0,133.4,39.0,130.0,60.0
312379104,550.0,500.0,553.0,263.0,156.0,155.0,174.0,181.0,701.0,702.0,555.0,548.0,59.0,58.0,133.3,39.0,130.0,60.0
313002804,550.0,500.0,553.0,263.0,156.0,155.0,174.0,181.0,701.0,702.0,555.0,548.0,59.0,58.0,133.2,39.0,130.0,60.0
314237412,550.0,500.0,553.0,263.0,156.0,155.0,174.0,181.0,701.0,702.0,555.0,548.0,59.0,58.0,133.1,39.0,130.0,60.0
314738908,550.0,500.0,553.0,263.0,156.0,155.0,174.0,181.0,701.0,702.0,555.0,548.0,59.0,58.0,133.0,39.0,130.0,60.0
314863720,550.0,500.0,553.0,263.0,156.0,155.0,174.0,181.0,701.0,702.0,555.0,548.0,59.0,58.0,133.0,39.0,130.0,60.0
